72,92.68,114.86,92.31,95.1,99.09,99.09,90.26,108.84,88.91,72,45,78,45
72,92.68,114.86,92.31,95.1,99.09,99.09,90.26,108.84,88.91,72,45,78,45
72,92.68,114.86,92.31,95.1,99.09,99.09,90.26,108.84,88.91,72,45,78,45
72,92.68,114.86,92.31,95.1,99.09,99.09,90.26,108.84,88.91,72,45,78,45
72,92.68,114.86,92.31,95.1,99.09,99.09,90.26,108.84,88.91,72,45,78,45
72,92.68,114.86,92.31,95.1,99.09,99.09,90.26,108.84,88.91,72,45,78,45
72,92.68,114.86,92.31,95.1,99.09,99.09,90.26,108.84,88.91,72,45,78,45
72,92.68,114.86,92.31,95.1,99.09,99.09,90.26,108.84,88.91,72,45,78,45
72,92.68,114.86,92.31,95.1,99.09,99.09,90.26,108.84,88.91,72,45,78,45
72,92.68,114.86,92.31,95.1,99.09,99.09,90.26,108.84,88.91,72,45,78,45
72,92.68,114.86,92.35,95.1,99.09,99.09,90.26,108.84,88.91,72,45,78,45
72,92.68,114.86,92.35,95.1,99.09,99.09,90.26,108.84,88.91,72,45,78,45
72,92.68,114.86,92.35,95.1,99.09,99.09,90.26,108.84,88.91,72,45,78,45
72,92.68,114.86,92.35,95.1,99.09,99.09,90.26,108.84,88.91,72,45,78,45
72,92.68,114.86,92.35,95.1,99.09,99.09,90.26,108.84,88.91,72,45,78,45
72,92.68,114.86,92.35,95.1,99.09,99.09,90.26,108.84,88.91,72,45,78,45
72,92.68,114.86,92.35,95.1,99.09,99.09,90.26,108.84,88.91,72,45,78,45
72,92.68,114.86,92.35,95.1,99.09,99.09,90.26,108.84,88.91,72,45,78,45
72,92.68,114.86,92.35,95.1,99.09,99.09,90.26,108.84,88.91,72,45,78,45
72,92.68,114.86,92.35,95.1,99.09,99.09,90.26,108.84,88.91,72,45,78,45
72,92.68,114.86,92.35,95.1,99.09,99.09,90.26,108.84,88.91,72,45,78,45
72,92.68,114.86,92.35,95.1,99.09,99.09,90.26,108.84,88.91,72,45,78,45
72,92.68,114.86,92.35,95.1,99.09,99.09,90.26,108.84,88.91,72,45,78,45
72,92.68,114.86,92.35,95.1,99.09,99.09,90.26,108.84,88.91,72,45,78,45
72,92.68,114.86,92.35,95.1,99.09,99.09,90.26,108.84,88.91,72,45,78,45
72,92.68,114.86,92.35,95.1,99.09,99.09,90.26,108.84,88.91,72,45,78,45
72,92.68,114.86,92.35,95.1,99.09,99.09,90.26,108.84,88.91,72,45,78,45
72,92.68,114.86,92.35,95.1,99.09,99.09,90.26,108.84,88.91,72,45,78,45
72,92.68,114.86,92.35,95.1,99.09,99.09,90.26,108.84,88.91,72,45,78,45
72,92.68,114.86,92.35,95.1,99.09,99.09,90.26,108.84,88.91,72,45,78,45
72,92.68,114.86,92.35,95.1,99.09,99.09,90.26,108.84,88.91,72,45,78,45
72,92.68,114.86,92.35,95.1,99.09,99.09,90.26,108.84,88.91,72,45,78,45
72,92.68,114.86,92.35,95.1,99.09,99.09,90.26,108.84,88.91,72,45,78,45
72,92.68,114.86,92.35,95.1,99.09,99.09,90.26,108.84,88.91,72,45,78,45
72,92.68,114.86,92.35,95.1,99.09,99.09,90.26,108.84,88.91,72,45,78,45
72,92.68,114.86,92.35,95.1,99.09,99.09,90.26,108.84,88.91,72,45,78,45
72,92.68,114.86,92.35,95.1,99.09,99.09,90.26,108.84,88.91,72,45,78,45
72,92.68,114.86,92.35,95.1,99.09,99.09,90.26,108.84,88.91,72,45,78,45
72,92.68,114.86,92.49,95.89,99.09,99.09,90.26,108.84,88.91,72,45,78,45
72,92.68,114.86,93.29,97.15,99.09,99.09,90.26,108.84,88.91,72,45,78,45
72,92.68,114.86,94.35,98.52,99.09,99.09,90.26,108.84,88.91,72,45,78,45
72,92.68,114.86,95.41,99.8,99.09,99.09,90.26,108.84,88.91,72,45,78,45
72,92.68,114.86,96.33,100.87,99.09,99.09,90.26,108.84,88.91,72,45,78,45
72,92.68,114.86,97.1,101.74,99.09,99.09,90.26,108.84,88.91,72,45,78,45
72,92.68,114.86,97.69,102.41,99.09,99.09,90.26,108.84,88.91,72,45,78,45
72,92.68,114.86,97.84,102.87,99.09,99.09,90.26,108.84,88.91,72,45,78,45
72,92.73,114.82,97.96,102.98,99.09,99.09,90.26,108.84,88.91,72,45,78,45
72,92.78,114.77,98.07,103.07,99.09,99.09,90.26,108.84,88.91,72,45,78,45
72,92.84,114.73,98.16,103.16,99.09,99.09,90.26,108.84,88.91,72,45,78,45
72,92.89,114.68,98.24,103.23,99.09,99.09,90.26,108.84,88.91,72,45,78,45
72,92.95,114.64,98.31,103.29,99.09,99.09,90.26,108.84,88.91,72,45,78,45
72,93.01,114.59,98.37,103.35,99.09,99.09,90.26,108.84,88.91,72,45,78,45
72,93.06,114.55,98.43,103.4,99.09,99.09,90.26,108.84,88.91,72,45,78,45
72,93.11,114.51,98.48,103.44,99.09,99.09,90.26,108.84,88.91,72,45,78,45
72,93.11,114.51,98.52,103.44,99.09,99.09,90.26,108.84,88.91,72,45,78,45
72,93.16,114.47,98.52,103.44,99.09,99.09,90.26,108.84,88.91,72,45,78,45
72,93.16,114.47,98.52,103.44,99.09,99.09,90.26,108.84,88.91,72,45,78,45
72,93.21,114.43,98.57,103.49,99.09,99.09,90.26,108.84,88.91,72,45,78,45
72,93.21,114.43,98.62,103.54,99.09,99.09,90.31,108.84,88.91,72,45,78,45
72,93.21,114.43,98.67,103.59,99.09,99.09,90.31,108.84,88.91,72,45,78,45
72,93.26,114.43,98.73,103.65,99.09,99.09,90.31,108.84,88.91,72,45,78,45
72,93.26,114.43,98.78,103.7,99.09,99.09,90.31,108.84,88.91,72,45,78,45
72,93.26,114.43,98.69,103.61,99.09,99.09,90.31,108.84,88.91,72,45,78,45
72,93.26,114.43,97.91,102.85,99.09,99.09,90.31,108.84,88.91,72,45,78,45
72,93.2,114.48,96.73,101.51,99.09,99.09,90.31,108.84,88.91,72,45,78,45
72,93.11,114.54,95.88,99.77,99.09,99.09,90.31,108.84,88.91,72,45,78,45
72,93.03,114.6,95.15,98.52,99.09,99.09,90.31,108.84,88.91,72,45,78,45
72,92.96,114.66,94.64,97.62,99.09,99.09,90.31,108.84,88.91,72,45,78,45
72,92.89,114.71,94.49,96.98,99.09,99.09,90.31,108.84,88.91,72,45,78,45
72,92.83,114.76,94.34,96.51,99.09,99.09,90.31,108.84,88.91,72,45,78,45
72,92.78,114.76,94.21,96.39,99.09,99.09,90.31,108.84,88.91,72,45,78,45
72,92.78,114.76,94.1,96.28,99.09,99.09,90.31,108.84,88.91,72,45,78,45
72,92.78,114.76,94,96.18,99.09,99.09,90.31,108.84,88.91,72,45,78,45
72,92.78,114.76,93.91,96.1,99.09,99.09,90.31,108.84,88.91,72,45,78,45
72,92.78,114.76,93.82,96.02,99.09,99.09,90.31,108.84,88.91,72,45,78,45
72,92.78,114.76,93.73,95.95,99.09,99.09,90.31,108.84,88.91,72,45,78,45
72,92.78,114.76,93.66,95.88,99.09,99.09,90.31,108.84,88.91,72,45,78,45
72,92.78,114.76,93.58,95.83,99.09,99.09,90.31,108.84,88.91,72,45,78,45
72,92.78,114.76,93.51,95.77,99.09,99.09,90.31,108.84,88.91,72,45,78,45
72,92.78,114.76,93.44,95.73,99.09,99.09,90.31,108.84,88.91,72,45,78,45
72,92.78,114.76,93.39,95.69,99.09,99.09,90.31,108.84,88.91,72,45,78,45
72,92.78,114.76,93.33,95.69,99.09,99.09,90.31,108.84,88.91,72,45,78,45
72,92.78,114.76,93.28,95.69,99.09,99.09,90.31,108.84,88.91,72,45,78,45
72,92.78,114.76,93.24,95.69,99.09,99.09,90.31,108.84,88.91,72,45,78,45
72,92.78,114.76,93.24,95.69,99.09,99.09,90.31,108.84,88.91,72,45,78,45
72,92.78,114.76,93.24,95.69,99.09,99.09,90.31,108.84,88.91,72,45,78,45
72,92.78,114.76,93.24,95.69,99.09,99.09,90.31,108.84,88.91,72,45,78,45
72,92.78,114.76,93.24,95.69,99.09,99.09,90.31,108.84,88.91,72,45,78,45
72,92.78,114.76,93.24,95.69,99.09,99.09,90.31,108.84,88.91,72,45,78,45
72,92.78,114.76,93.24,95.69,99.09,99.09,90.31,108.84,88.91,72,45,78,45
72,92.78,114.76,93.24,95.69,99.09,99.09,90.31,108.84,88.91,72,45,78,45
72,92.78,114.76,93.24,95.69,99.09,99.09,90.31,108.84,88.91,72,45,78,45
72,92.78,114.76,93.24,95.69,99.09,99.09,90.31,108.84,88.91,72,45,78,45
72,92.78,114.76,93.2,95.69,99.09,99.09,90.31,108.84,88.91,72,45,78,45
72,92.78,114.76,93.15,95.69,99.09,99.09,90.31,108.84,88.91,72,45,78,45
72,92.78,114.76,93.09,95.69,99.09,99.09,90.31,108.84,88.91,72,45,78,45
72,92.78,114.76,93.02,95.64,99.09,99.09,90.31,108.84,88.91,72,45,78,45
72,92.78,114.76,92.95,95.59,99.09,99.09,90.31,108.84,88.91,72,45,78,45
72,92.78,114.76,92.88,95.53,99.09,99.09,90.31,108.84,88.91,72,45,78,45
72,92.78,114.76,92.82,95.48,99.09,99.09,90.31,108.84,88.91,72,45,78,45
72,92.78,114.76,92.75,95.43,99.09,99.09,90.31,108.84,88.91,72,45,78,45
72,92.78,114.76,92.69,95.38,99.09,99.09,90.31,108.84,88.91,72,45,78,45
72,92.78,114.76,92.63,95.33,99.09,99.09,90.31,108.84,88.91,72,45,78,45
72,92.78,114.76,92.57,95.28,99.09,99.09,90.31,108.84,88.91,72,45,78,45
72,92.78,114.76,92.51,95.23,99.09,99.09,90.31,108.84,88.91,72,45,78,45
72,92.78,114.76,92.46,95.19,99.09,99.09,90.31,108.84,88.91,72,45,78,45
72,92.78,114.76,92.41,95.19,99.09,99.09,90.31,108.84,88.91,72,45,78,45
72,92.78,114.76,92.37,95.19,99.09,99.09,90.31,108.84,88.91,72,45,78,45
72,92.78,114.76,92.37,95.19,99.09,99.09,90.31,108.84,88.91,72,45,78,45
72,92.78,114.76,92.37,95.19,99.09,99.09,90.31,108.84,88.91,72,45,78,45
72,92.78,114.76,92.37,95.19,99.09,99.09,90.31,108.84,88.91,72,45,78,45
72,92.78,114.76,92.37,95.19,99.09,99.09,90.31,108.84,88.91,72,45,78,45
72,92.78,114.76,92.37,95.19,99.09,99.09,90.31,108.84,88.91,72,45,78,45
72,92.78,114.76,92.37,95.19,99.09,99.09,90.31,108.84,88.91,72,45,78,45
72,92.78,114.76,92.37,95.19,99.09,99.09,90.31,108.84,88.91,72,45,78,45
72,92.78,114.76,92.37,95.19,99.09,99.09,90.31,108.84,88.91,72,45,78,45
72,92.78,114.76,92.37,95.19,99.09,99.09,90.31,108.84,88.91,72,45,78,45
72,92.78,114.76,92.37,95.19,99.09,99.09,90.31,108.84,88.91,72,45,78,45
72,92.83,114.76,92.37,95.19,99.09,99.09,90.31,108.84,88.91,72,45,78,45
72,92.83,114.76,92.37,95.19,99.09,99.09,90.31,108.84,88.91,72,45,78,45
72,92.83,114.76,92.37,95.19,99.09,99.09,90.31,108.84,88.91,72,45,78,45
72,92.83,114.76,92.37,95.19,99.09,99.09,90.31,108.84,88.91,72,45,78,45
72,92.83,114.76,92.37,95.19,99.09,99.09,90.31,108.84,88.91,72,45,78,45
72,92.83,114.76,92.37,95.19,99.09,99.09,90.31,108.84,88.91,72,45,78,45
72,92.83,114.72,92.37,95.19,99.09,99.09,90.31,108.84,88.91,72,45,78,45
72,92.83,114.72,92.37,95.19,99.09,99.09,90.31,108.84,88.91,72,45,78,45
72,92.88,114.72,92.37,95.19,99.09,99.09,90.31,108.84,88.91,72,45,78,45
72,92.88,114.72,92.32,95.14,99.09,99.09,90.31,108.84,88.91,72,45,78,45
72,92.88,114.68,92.27,95.09,99.09,99.09,90.31,108.84,88.91,72,45,78,45
72,92.88,114.68,92.23,95.05,99.09,99.09,90.31,108.84,88.91,72,45,78,45
72,92.93,114.68,92.19,95.01,99.09,99.09,90.31,108.84,88.91,72,45,78,45
72,92.93,114.68,92.19,95.01,99.09,99.09,90.31,108.84,88.91,72,45,78,45
72,92.93,114.68,92.19,95.01,99.09,99.09,90.31,108.84,88.91,72,45,78,45
72,91.09,116.16,92.34,95.06,99.09,99.09,90.31,108.84,88.91,72,45,78,45
72,74.93,130.52,92.92,96.28,94.03,94.03,90.31,108.84,88.91,72,45,78,45
72,58.93,143.46,93.48,97.29,94,94,90.31,108.84,88.91,72,45,78,45
72,51.85,149.04,93.6,97.95,93.59,93.59,90.31,108.84,88.91,72,45,78,45
72,51.92,148.95,93.6,97.95,92.72,92.72,90.31,108.84,88.91,72,45,78,45
72,62.68,139.85,93.6,97.21,92.79,92.79,90.31,108.84,88.91,72,45,78,45
72,73.96,130.41,92.63,96.03,94.22,94.22,90.31,108.84,88.91,72,45,78,45
72,81.46,124.14,91.57,94.84,95.58,95.58,90.31,108.84,88.91,72,45,78,45
72,83.82,122.17,90.93,94.09,96.56,96.56,90.31,108.84,88.91,72,45,78,45
72,85.68,120.62,90.4,93.49,97.27,97.27,90.31,108.84,88.91,72,45,78,45
72,87.02,119.5,90.3,93.37,97.78,97.78,90.31,108.84,88.91,72,45,78,45
72,87.98,118.7,90.2,93.26,98.15,98.15,90.31,108.84,88.91,72,45,78,45
72,88.67,118.13,90.11,93.16,98.24,98.24,90.31,108.84,88.91,72,45,78,45
72,88.85,117.98,90.04,93.07,98.33,98.33,90.31,108.84,88.91,72,45,78,45
72,89.01,117.84,90.04,93.02,98.4,98.4,90.31,108.84,88.91,72,45,78,45
72,89.15,117.72,90.04,93.02,98.47,98.47,90.31,108.84,88.91,72,45,78,45
72,89.29,117.61,90.04,93.02,98.53,98.53,90.31,108.84,88.91,72,45,78,45
72,89.43,117.49,90.04,93.02,98.59,98.59,90.31,108.84,88.91,72,45,78,45
72,89.57,117.38,90.04,93.02,98.64,98.64,90.31,108.84,88.91,72,45,78,45
72,89.7,117.27,90.04,93.02,98.68,98.68,90.31,108.84,88.91,72,45,78,45
72,89.83,117.16,90.04,93.02,98.72,98.72,90.31,108.84,88.91,72,45,78,45
72,89.95,117.06,90.04,93.02,98.76,98.76,90.31,108.84,88.91,72,45,78,45
72,90.07,116.97,90.04,93.02,98.79,98.79,90.31,108.84,88.91,72,45,78,45
72,90.18,116.87,90.04,93.02,98.79,98.79,90.31,108.84,88.91,72,45,78,45
72,90.3,116.78,90.04,93.02,98.79,98.79,90.31,108.84,88.91,72,45,78,45
72,90.41,116.68,90.04,93.02,98.79,98.79,90.31,108.84,88.91,72,45,78,45
72,90.53,116.59,90.04,93.02,98.79,98.79,90.31,108.84,88.91,72,45,78,45
72,90.64,116.5,90.04,93.02,98.79,98.79,90.31,108.84,88.91,72,45,78,45
72,90.75,116.41,90.04,93.02,98.79,98.79,90.31,108.84,88.91,72,45,78,45
72,90.86,116.32,90.08,93.02,98.79,98.79,90.31,108.84,88.91,72,45,78,45
72,90.96,116.24,90.13,93.02,98.79,98.79,90.31,108.84,88.91,72,45,78,45
72,91.06,116.15,90.18,93.07,98.79,98.79,90.31,108.84,88.91,72,45,78,45
72,91.16,116.08,90.24,93.12,98.79,98.79,90.31,108.84,88.91,72,45,78,45
72,91.25,116,90.29,93.17,98.79,98.79,90.31,108.84,88.91,72,45,78,45
72,91.34,115.93,90.33,93.21,98.79,98.79,90.31,108.84,88.91,72,45,78,45
72,91.42,115.87,90.38,93.25,98.79,98.79,90.31,108.84,88.91,72,45,78,45
72,91.5,115.8,90.42,93.25,98.79,98.79,90.31,108.84,88.91,72,45,78,45
72,91.58,115.74,90.42,93.25,98.79,98.79,90.31,108.84,88.91,72,45,78,45
72,91.65,115.68,90.42,93.3,98.79,98.79,90.31,108.84,88.91,72,45,78,45
72,91.72,115.62,90.42,93.3,98.79,98.79,90.31,108.84,88.91,72,45,78,45
72,91.79,115.57,90.42,93.3,98.79,98.79,90.31,108.84,88.91,72,45,78,45
72,91.86,115.51,90.42,93.3,98.79,98.79,90.31,108.84,88.91,72,45,78,45
72,91.93,115.46,90.42,93.3,98.79,98.79,90.31,108.84,88.91,72,45,78,45
72,91.99,115.41,90.42,93.3,98.79,98.79,90.31,108.84,88.91,72,45,78,45
72,92.05,115.36,90.47,93.35,98.79,98.79,90.31,108.84,88.91,72,45,78,45
72,92.1,115.32,90.55,93.43,98.79,98.79,90.31,108.84,88.91,72,45,78,45
72,92.1,115.32,90.66,93.53,98.79,98.79,90.31,108.84,88.91,72,45,78,45
72,92.1,115.32,90.81,93.67,98.79,98.79,90.31,108.84,88.91,72,45,78,45
72,92.1,115.32,90.96,93.82,98.79,98.79,90.31,108.84,88.91,72,45,78,45
72,92.1,115.32,91.12,93.97,98.79,98.79,90.31,108.84,88.91,72,45,78,45
72,92.1,115.32,91.28,94.1,98.79,98.79,90.31,108.84,88.91,72,45,78,45
72,92.1,115.32,91.43,94.22,98.79,98.79,90.31,108.84,88.91,72,45,78,45
72,92.1,115.32,91.57,94.33,98.79,98.79,90.31,108.84,88.91,72,45,78,45
72,92.1,115.32,91.71,94.43,98.79,98.79,90.31,108.84,88.91,72,45,78,45
72,92.1,115.32,91.84,94.52,98.79,98.79,90.31,108.84,88.91,72,45,78,45
72,92.1,115.32,91.94,94.6,98.79,98.79,90.31,108.84,88.91,72,45,78,45
72,92.1,115.32,92.03,94.67,98.79,98.79,90.31,108.84,88.91,72,45,78,45
72,92.1,115.32,92.09,94.73,98.79,98.79,90.31,108.84,88.91,72,45,78,45
72,92.1,115.32,92.09,94.73,98.79,98.79,90.31,108.84,88.91,72,45,78,45
72,92.1,115.32,92.02,94.68,98.79,98.79,90.31,108.84,88.91,72,45,78,45
72,92.1,115.32,91.87,94.56,98.79,98.79,90.31,108.84,88.91,72,45,78,45
72,92.1,115.32,91.36,94.1,98.79,98.79,90.31,108.84,88.91,72,45,78,45
72,92.1,115.32,90.85,93.63,98.79,98.79,90.31,108.84,88.91,72,45,78,45
72,92.1,115.32,90.39,93.48,98.79,98.79,90.31,108.84,88.91,72,45,78,45
72,92.1,115.32,90.27,93.35,98.79,98.79,90.31,108.84,88.91,72,45,78,45
72,92.1,115.32,90.15,93.21,98.79,98.79,90.31,108.84,88.91,72,45,78,45
72,92.1,115.32,90.04,93.09,98.79,98.79,90.31,108.84,88.91,72,45,78,45
72,92.1,115.32,89.96,92.99,98.79,98.79,90.31,108.84,88.91,72,45,78,45
72,92.1,115.32,89.9,92.93,98.79,98.79,90.31,108.84,88.91,72,45,78,45
72,92.1,115.32,89.9,92.88,98.79,98.79,90.31,108.84,88.91,72,45,78,45
72,92.1,115.32,89.9,92.88,98.79,98.79,90.31,108.84,88.91,72,45,78,45
72,92.1,115.32,89.96,92.93,98.79,98.79,90.31,108.84,88.91,72,45,78,45
72,92.1,115.32,90.06,93.02,98.79,98.79,90.31,108.84,88.91,72,45,78,45
72,92.1,115.32,90.19,93.13,98.79,98.79,90.31,108.84,88.91,72,45,78,45
72,92.1,115.32,90.32,93.25,98.79,98.79,90.31,108.84,88.91,72,45,78,45
72,92.1,115.32,90.43,93.36,98.79,98.79,90.31,108.84,88.91,72,45,78,45
72,92.1,115.32,90.53,93.44,98.79,98.79,90.31,108.84,88.91,72,45,78,45
72,92.1,115.32,90.65,93.56,98.79,98.79,90.31,108.84,88.91,72,45,78,45
72,90.54,116.59,91.32,94.05,98.79,98.79,90.31,108.84,88.91,72,45,78,45
72,74.65,130.69,91.99,95.29,94.14,94.14,90.31,108.84,88.91,72,45,78,45
72,57.39,144.71,92.74,96.51,94.87,94.87,90.31,108.84,88.91,72,45,78,45
72,48.29,152,93.34,97.44,96.05,96.05,90.31,108.84,88.91,72,45,78,45
72,46.57,153.36,93.8,98.14,96.9,96.9,90.31,108.84,88.91,72,45,78,45
72,47.42,152.59,93.88,98.27,95.84,95.84,90.31,108.84,88.91,72,45,78,45
72,58.26,143.48,93.88,98.22,94.87,94.87,90.31,108.84,88.91,72,45,78,45
72,69.23,134.3,93.88,97.41,94.87,94.87,90.31,108.84,88.91,72,45,78,45
72,77.15,127.71,93.4,96.71,95.8,95.8,90.31,108.84,88.91,72,45,78,45
72,79.76,125.53,93.24,96.12,96.72,96.72,90.31,108.84,88.91,72,45,78,45
72,82.1,123.58,93.14,96.01,97.39,97.39,90.31,108.84,88.91,72,45,78,45
72,84.16,121.87,93,95.86,97.86,97.86,90.31,108.84,88.91,72,45,78,45
72,85.87,120.44,92.9,95.76,97.99,97.99,90.31,108.84,88.91,72,45,78,45
72,87.15,119.38,92.85,95.7,98.1,98.1,90.31,108.84,88.91,72,45,78,45
72,88.08,118.61,92.8,95.64,98.2,98.2,90.31,108.84,88.91,72,45,78,45
72,88.74,118.06,92.74,95.58,98.29,98.29,90.31,108.84,88.91,72,45,78,45
72,88.91,117.92,92.68,95.52,98.37,98.37,90.31,108.84,88.91,72,45,78,45
72,89.07,117.79,92.68,95.52,98.44,98.44,90.31,108.84,88.91,72,45,78,45
72,89.2,117.67,92.68,95.48,98.5,98.5,90.31,108.84,88.91,72,45,78,45
72,89.33,117.57,92.68,95.48,98.56,98.56,90.31,108.84,88.91,72,45,78,45
72,89.44,117.48,92.64,95.43,98.61,98.61,90.31,108.84,88.91,72,45,78,45
72,89.54,117.39,92.59,95.38,98.66,98.66,90.31,108.84,88.91,72,45,78,45
72,89.63,117.32,92.55,95.34,98.71,98.71,90.31,108.84,88.91,72,45,78,45
72,89.71,117.25,92.55,95.34,98.74,98.74,90.31,108.84,88.91,72,45,78,45
72,89.79,117.19,92.55,95.34,98.78,98.78,90.31,108.84,88.91,72,45,78,45
72,89.85,117.13,92.55,95.34,98.78,98.78,90.31,108.84,88.91,72,45,78,45
72,89.92,117.08,92.55,95.34,98.78,98.78,90.31,108.84,88.91,72,45,78,45
72,89.99,117.02,92.55,95.34,98.78,98.78,90.31,108.84,88.91,72,45,78,45
72,90.06,116.96,92.55,95.34,98.78,98.78,90.31,108.84,88.91,72,45,78,45
72,90.14,116.9,92.55,95.34,98.78,98.78,90.31,108.84,88.91,72,45,78,45
72,90.21,116.84,92.55,95.34,98.78,98.78,90.31,108.84,88.91,72,45,78,45
72,90.29,116.77,92.55,95.34,98.78,98.78,90.31,108.84,88.91,72,45,78,45
72,90.38,116.71,92.55,95.34,98.78,98.78,90.31,108.84,88.91,72,45,78,45
72,90.46,116.64,92.55,95.34,98.78,98.78,90.31,108.84,88.91,72,45,78,45
72,90.55,116.57,92.51,95.3,98.78,98.78,90.31,108.84,88.91,72,45,78,45
72,90.63,116.5,92.51,95.3,98.78,98.78,90.31,108.84,88.91,72,45,78,45
72,90.71,116.43,92.51,95.3,98.78,98.78,90.31,108.84,88.91,72,45,78,45
72,90.8,116.37,92.46,95.3,98.78,98.78,90.31,108.84,88.91,72,45,78,45
72,90.87,116.3,92.46,95.3,98.78,98.78,90.31,108.84,88.91,72,45,78,45
72,90.95,116.24,92.46,95.3,98.78,98.78,90.31,108.84,88.91,72,45,78,45
72,91.02,116.19,92.46,95.3,98.78,98.78,90.31,108.84,88.91,72,45,78,45
72,91.09,116.13,92.46,95.3,98.78,98.78,90.31,108.84,88.91,72,45,78,45
72,91.16,116.07,92.46,95.3,98.78,98.78,90.31,108.84,88.91,72,45,78,45
72,91.22,116.02,92.46,95.3,98.78,98.78,90.31,108.84,88.91,72,45,78,45
72,91.28,115.97,92.46,95.3,98.78,98.78,90.31,108.84,88.91,72,45,78,45
72,91.34,115.92,92.46,95.3,98.78,98.78,90.31,108.84,88.91,72,45,78,45
72,91.4,115.88,92.46,95.3,98.78,98.78,90.31,108.84,88.91,72,45,78,45
72,91.46,115.83,92.46,95.3,98.78,98.78,90.31,108.84,88.91,72,45,78,45
72,91.51,115.79,92.46,95.3,98.78,98.78,90.31,108.84,88.91,72,45,78,45
72,91.56,115.75,92.46,95.3,98.78,98.78,90.31,108.84,88.91,72,45,78,45
72,91.56,115.75,92.46,95.3,98.78,98.78,90.31,108.84,88.91,72,45,78,45
72,91.62,115.71,92.46,95.3,98.78,98.78,90.31,108.84,88.91,72,45,78,45
72,91.62,115.71,92.46,95.3,98.78,98.78,90.31,108.84,88.91,72,45,78,45
72,91.62,115.71,92.53,95.3,98.78,98.78,90.31,108.84,88.91,72,45,78,45
72,91.67,115.67,92.6,95.3,98.78,98.78,90.31,108.84,88.91,72,45,78,45
72,91.67,115.67,92.68,95.3,98.78,98.78,90.31,108.84,88.91,72,45,78,45
72,91.72,115.67,92.76,95.3,98.78,98.78,90.31,108.84,88.91,72,45,78,45
72,91.72,115.62,92.85,95.3,98.78,98.78,90.31,108.84,88.91,72,45,78,45
72,91.72,115.62,92.93,95.3,98.78,98.78,90.31,108.84,88.91,72,45,78,45
72,91.77,115.62,93,95.3,98.78,98.78,90.31,108.84,88.91,72,45,78,45
72,91.77,115.58,93.07,95.3,98.78,98.78,90.31,108.84,88.91,72,45,78,45
72,91.77,115.58,93.13,95.3,98.78,98.78,90.31,108.84,88.91,72,45,78,45
72,91.82,115.54,93.19,95.3,98.78,98.78,90.31,108.84,88.91,72,45,78,45
72,91.82,115.54,93.24,95.3,98.78,98.78,90.31,108.84,88.91,72,45,78,45
72,91.82,115.54,93.28,95.3,98.78,98.78,90.31,108.84,88.91,72,45,78,45
72,91.82,115.54,93.32,95.3,98.78,98.78,90.31,108.84,88.91,72,45,78,45
72,91.82,115.54,93.32,95.3,98.78,98.78,90.31,108.84,88.91,72,45,78,45
72,91.82,115.54,93.32,95.3,98.78,98.78,90.31,108.84,88.91,72,45,78,45
72,91.82,115.54,93.32,95.3,98.78,98.78,90.31,108.84,88.91,72,45,78,45
72,91.82,115.54,93.32,95.3,98.78,98.78,90.31,108.84,88.91,72,45,78,45
72,91.82,115.54,93.32,95.3,98.78,98.78,90.31,108.84,88.91,72,45,78,45
72,91.82,115.54,93.32,95.3,98.78,98.78,90.31,108.84,88.91,72,45,78,45
72,91.82,115.54,93.32,95.3,98.78,98.78,90.31,108.84,88.91,72,45,78,45
72,91.82,115.54,93.32,95.3,98.78,98.78,90.31,108.84,88.91,72,45,78,45
72,91.82,115.54,93.32,95.3,98.78,98.78,90.31,108.84,88.91,72,45,78,45
72,91.82,115.54,93.32,95.3,98.78,98.78,90.31,108.84,88.91,72,45,78,45
72,91.82,115.54,93.32,95.3,98.78,98.78,90.31,108.84,88.91,72,45,78,45
72,91.82,115.54,93.32,95.3,98.78,98.78,90.31,108.84,88.91,72,45,78,45
72,91.82,115.54,93.32,95.3,98.78,98.78,90.24,108.84,88.91,72,45,78,45
72,91.82,115.54,93.32,95.3,98.78,98.78,90.17,108.84,88.99,72,45,78,45
72,91.82,115.54,93.32,95.3,98.78,98.78,90.11,108.84,88.99,72,45,78,45
72,91.82,115.54,93.32,95.3,98.78,98.78,89.08,107.3,90.97,72,45,78,45
72,91.82,115.54,93.32,95.3,98.78,98.78,87.09,103.86,94.93,72,45,78,45
72,91.76,115.58,93.32,95.3,98.78,98.78,84.87,99.78,103.64,72,45,78,45
72,91.7,115.64,93.32,95.3,98.78,98.78,82.93,96.18,106.33,72,45,78,45
72,91.63,115.69,93.32,95.3,98.78,98.78,81.16,92.81,109.03,72,45,78,45
72,91.56,115.75,93.32,95.34,98.78,98.78,79.74,90.09,111.27,72,45,78,45
72,91.49,115.81,93.32,95.4,98.78,98.78,78.64,87.99,113.03,72,45,78,45
72,91.42,115.87,93.32,95.45,98.78,98.78,77.82,86.41,114.36,72,45,78,45
72,91.35,115.92,93.32,95.5,98.78,98.78,77.67,86.15,114.57,72,45,78,45
72,91.28,115.98,93.32,95.5,98.78,98.78,77.59,86.02,114.66,72,45,78,45
72,91.21,116.03,93.32,95.5,98.78,98.78,77.59,86.1,114.53,72,45,78,45
72,91.15,116.08,93.32,95.5,98.78,98.78,77.69,86.31,114.27,72,45,78,45
72,91.09,116.13,93.32,95.5,98.78,98.78,77.85,87.26,113.2,72,45,78,45
72,91.03,116.18,93.32,95.5,98.78,98.78,78.55,88.5,111.86,72,45,78,45
72,90.97,116.22,93.32,95.5,98.78,98.78,79.48,90.25,110.01,72,45,78,45
72,90.92,116.26,93.32,95.5,98.78,98.78,80.43,92.03,108.12,72,45,78,45
72,90.92,116.26,93.32,95.5,98.78,98.78,81.85,94.67,105.27,72,45,78,45
72,90.92,116.26,93.32,95.5,98.78,98.78,83.14,97.03,102.68,72,45,78,45
72,90.92,116.26,93.32,95.5,98.78,98.78,84.32,99.29,100.29,72,45,78,45
72,89.42,117.5,93.32,95.5,98.78,98.78,85.36,101.19,98.2,72,45,78,45
72,73.65,130.22,93.39,96.48,93.34,93.34,86.46,103.12,95.98,72,45,78,45
72,57.75,143.64,93.49,97.28,93.34,93.34,87.32,104.51,94.23,72,45,78,45
72,49.2,150.9,93.59,97.9,93.9,93.9,87.95,105.51,92.97,72,45,78,45
72,47.68,152.2,93.69,98.06,93.9,93.9,88.11,105.77,92.06,72,45,78,45
72,49.13,151.01,93.69,98.14,92.54,92.54,88.25,106,91.83,72,45,78,45
72,60.73,141.37,93.69,98,91.98,91.98,88.38,106.21,91.62,72,45,78,45
72,71.5,132.41,93.53,97.13,92.56,92.56,88.5,106.4,91.43,72,45,78,45
72,78.89,126.26,92.7,96.09,94.1,94.1,88.6,106.57,91.26,72,45,78,45
72,81.39,124.18,91.93,95.18,95.5,95.5,88.7,106.72,91.11,72,45,78,45
72,83.62,122.33,91.78,94.65,96.5,96.5,88.78,106.86,90.97,72,45,78,45
72,85.49,120.77,91.72,94.59,97.23,97.23,88.86,106.98,90.85,72,45,78,45
72,86.88,119.61,91.72,94.59,97.75,97.75,88.93,107.09,90.73,72,45,78,45
72,87.88,118.78,91.72,94.59,98.12,98.12,88.99,107.19,90.63,72,45,78,45
72,88.6,118.18,91.77,94.59,98.22,98.22,89.05,107.28,90.54,72,45,78,45
72,88.78,118.03,91.83,94.65,98.31,98.31,89.1,107.36,90.46,72,45,78,45
72,88.9,117.93,91.92,94.71,98.39,98.39,89.1,107.36,90.46,72,45,78,45
72,86.38,120.01,92.41,94.77,97.84,97.84,89.1,107.36,90.46,72,45,78,45
72,72.37,131.01,92.55,95.88,93.06,93.06,89.1,107.36,90.46,72,45,78,45
72,63.06,138.41,92.67,96.68,91.63,91.63,89.1,107.36,90.46,72,45,78,45
72,61.99,139.48,92.77,97.22,90.97,90.97,89.1,107.36,90.46,72,45,78,45
72,69.78,133.45,92.87,96.69,91.53,91.53,89.1,107.36,90.46,72,45,78,45
72,77.89,126.92,92.71,95.97,93.04,93.04,89.1,107.36,90.46,72,45,78,45
72,83.38,124.66,92.13,95.28,94.73,94.73,89.1,107.36,90.46,72,45,78,45
72,85.14,122.61,91.6,94.67,95.95,95.95,89.1,107.36,90.46,72,45,78,45
72,86.63,120.94,91.5,94.55,96.83,96.83,89.1,107.36,90.46,72,45,78,45
72,87.7,119.73,91.5,94.51,97.46,97.46,89.1,107.36,90.46,72,45,78,45
72,88.47,118.87,91.5,94.51,97.92,97.92,89.1,107.36,90.46,72,45,78,45
72,89.02,118.24,91.5,94.51,98.04,98.04,89.1,107.36,90.46,72,45,78,45
72,89.17,118.08,91.57,94.55,98.14,98.14,89.1,107.36,90.46,72,45,78,45
72,89.29,117.94,91.62,94.55,98.24,98.24,89.1,107.36,90.46,72,45,78,45
72,89.41,117.81,91.71,94.62,98.32,98.32,89.1,107.36,90.46,72,45,78,45
72,89.51,117.69,91.79,94.68,98.4,98.4,89.1,107.36,90.46,72,45,78,45
72,89.61,117.59,91.85,94.73,98.47,98.47,89.1,107.36,90.46,72,45,78,45
72,89.71,117.48,91.9,94.73,98.53,98.53,89.1,107.36,90.46,72,45,78,45
72,89.82,117.36,91.9,94.73,98.59,98.59,89.1,107.36,90.46,72,45,78,45
72,89.95,117.24,91.9,94.73,98.64,98.64,89.1,107.36,90.46,72,45,78,45
72,90.09,117.11,91.9,94.73,98.68,98.68,89.1,107.36,90.46,72,45,78,45
72,90.22,116.98,91.9,94.73,98.72,98.72,89.1,107.36,90.46,72,45,78,45
72,90.35,116.86,91.9,94.73,98.76,98.76,89.1,107.36,90.46,72,45,78,45
72,90.48,116.75,91.9,94.73,98.79,98.79,89.1,107.36,90.46,72,45,78,45
72,90.59,116.64,91.9,94.73,98.79,98.79,89.1,107.36,90.46,72,45,78,45
72,90.7,116.54,91.9,94.73,98.79,98.79,89.1,107.36,90.46,72,45,78,45
72,90.8,116.46,91.9,94.73,98.79,98.79,89.1,107.36,90.46,72,45,78,45
72,90.88,116.38,91.9,94.73,98.79,98.79,89.1,107.36,90.46,72,45,78,45
72,90.96,116.31,91.9,94.73,98.79,98.79,89.1,107.36,90.46,72,45,78,45
72,91.03,116.24,91.9,94.73,98.79,98.79,89.1,107.36,90.46,72,45,78,45
72,91.1,116.18,91.9,94.73,98.79,98.79,89.1,107.36,90.46,72,45,78,45
72,91.16,116.12,91.9,94.73,98.79,98.79,89.1,107.36,90.46,72,45,78,45
72,91.22,116.07,91.9,94.73,98.79,98.79,89.1,107.36,90.46,72,45,78,45
72,91.27,116.02,91.9,94.73,98.79,98.79,89.1,107.36,90.46,72,45,78,45
72,91.33,115.98,91.9,94.73,98.79,98.79,89.1,107.36,90.46,72,45,78,45
72,91.33,115.94,91.9,94.73,98.79,98.79,89.1,107.36,90.46,72,45,78,45
72,91.38,115.94,91.9,94.73,98.79,98.79,89.1,107.36,90.46,72,45,78,45
72,91.38,115.89,91.9,94.73,98.79,98.79,89.1,107.36,90.46,72,45,78,45
72,91.43,115.85,91.9,94.73,98.79,98.79,89.1,107.36,90.46,72,45,78,45
72,91.49,115.81,91.9,94.73,98.79,98.79,89.1,107.36,90.46,72,45,78,45
72,91.54,115.76,91.9,94.73,98.79,98.79,89.1,107.36,90.46,72,45,78,45
72,91.59,115.72,91.9,94.73,98.79,98.79,89.1,107.36,90.46,72,45,78,45
72,91.59,115.72,91.9,94.73,98.79,98.79,89.1,107.36,90.46,72,45,78,45
72,89.86,117.14,92,94.79,98.79,98.79,89.1,107.36,90.46,72,45,78,45
72,81.33,124.18,92.6,96.01,98.35,98.35,89.1,107.36,90.46,72,45,78,45
72,63.26,139.09,93.19,97.01,98.42,98.42,89.1,107.36,90.46,72,45,78,45
72,50.36,150.04,93.7,97.82,98.49,98.49,89.1,107.36,90.46,72,45,78,45
73.65,43.88,155.45,93.83,98.4,98.55,98.55,89.1,107.36,90.46,72,45,78,45
80.53,42.43,156.65,93.93,98.54,98.6,98.6,89.1,107.36,90.46,72,45,78,45
85.83,41.72,157.24,94.03,98.67,98.65,98.65,89.1,107.36,90.46,72,45,78,45
87.52,41.72,157.24,94.12,98.78,98.7,98.7,89.15,107.36,90.38,72,45,78,45
87.57,42.68,156.47,94.19,98.87,98.73,98.73,89.15,107.36,90.38,72,45,78,45
86.71,52.77,148.3,94.19,98.87,98.73,98.73,89.15,107.36,90.38,72,45,78,45
85.28,68.11,135.41,94.14,98,98.77,98.77,89.15,107.36,90.38,72,45,78,45
83.72,79.59,125.76,93.19,96.76,98.8,98.8,89.15,107.36,90.38,72,45,78,45
79.96,85.56,120.74,92.14,95.51,98.8,98.8,89.15,107.36,90.38,72,45,78,45
78.37,86.95,119.57,91.36,94.6,98.8,98.8,89.15,107.36,90.38,72,45,78,45
76.8,88.12,118.6,91.23,94.13,98.8,98.8,89.15,107.36,90.38,72,45,78,45
75.46,89.01,117.85,91.14,94.03,98.8,98.8,89.15,107.36,90.38,72,45,78,45
74.49,89.69,117.29,91.14,94.03,98.8,98.8,89.15,107.36,90.38,72,45,78,45
73.79,89.88,117.14,91.19,94.08,98.8,98.8,89.15,107.36,90.38,72,45,78,45
73.29,90.06,116.99,91.28,94.16,98.8,98.8,89.15,107.36,90.38,72,45,78,45
72.93,90.24,116.84,91.37,94.24,98.8,98.8,89.15,107.36,90.38,72,45,78,45
72.84,90.41,116.7,91.45,94.3,98.8,98.8,89.15,107.36,90.38,72,45,78,45
72.75,90.58,116.56,91.52,94.37,98.8,98.8,89.15,107.36,90.38,72,45,78,45
72.68,90.75,116.42,91.59,94.43,98.8,98.8,89.15,107.36,90.38,72,45,78,45
72.61,90.91,116.29,91.64,94.47,98.8,98.8,89.15,107.36,90.38,72,45,78,45
72.55,91.06,116.17,91.64,94.47,98.8,98.8,89.15,107.36,90.38,72,45,78,45
72.49,91.21,116.05,91.64,94.47,98.8,98.8,89.15,107.36,90.38,72,45,78,45
72.44,91.35,115.93,91.64,94.47,98.8,98.8,89.15,107.36,90.38,72,45,78,45
72.4,91.48,115.83,91.64,94.47,98.8,98.8,89.15,107.36,90.38,72,45,78,45
72.36,91.6,115.73,91.64,94.47,98.8,98.8,89.15,107.36,90.38,72,45,78,45
72.32,91.72,115.64,91.64,94.47,98.8,98.8,89.15,107.36,90.38,72,45,78,45
72.29,91.81,115.56,91.64,94.47,98.8,98.8,89.15,107.36,90.38,72,45,78,45
72.29,91.66,115.68,91.74,94.55,98.8,98.8,89.15,107.36,90.38,72,45,78,45
72.29,77.56,127.27,92.28,95.66,94.42,94.42,89.15,107.36,90.38,72,45,78,45
72.29,59.46,142.39,92.98,96.81,94.5,94.5,89.15,107.36,90.38,72,45,78,45
72.29,49.31,150.88,93.5,97.65,95.13,95.13,89.15,107.36,90.38,72,45,78,45
72.29,47.31,152.56,93.64,98.26,95.52,95.52,89.15,107.36,90.38,72,45,78,45
72.29,48.13,151.88,93.68,98.34,93.99,93.99,89.15,107.36,90.38,72,45,78,45
72.29,59.95,142.03,93.68,97.56,93.51,93.51,89.15,107.36,90.38,72,45,78,45
72.29,72.44,131.63,92.9,96.48,94.53,94.53,89.15,107.36,90.38,72,45,78,45
72.29,80.73,124.73,91.74,95.13,95.81,95.81,89.15,107.36,90.38,72,45,78,45
72.29,83.34,122.56,91.07,94.33,96.73,96.73,89.2,107.36,90.3,72,45,78,45
72.29,85.33,120.9,90.92,93.81,97.39,97.39,89.2,107.36,90.3,72,45,78,45
72.29,86.77,119.71,90.84,93.72,97.87,97.87,89.2,107.36,90.3,72,45,78,45
72.29,87.8,118.85,90.84,93.72,97.99,97.99,89.2,107.36,90.3,72,45,78,45
72.29,88.54,118.23,90.84,93.72,98.1,98.1,89.2,107.36,90.3,72,45,78,45
72.29,88.73,118.07,90.84,93.72,98.2,98.2,89.2,107.36,90.3,72,45,78,45
72.29,88.91,117.92,90.84,93.72,98.29,98.29,89.2,107.36,90.3,72,45,78,45
72.29,89.09,117.77,90.84,93.72,98.37,98.37,89.2,107.36,90.3,72,45,78,45
72.29,89.29,117.61,90.84,93.72,98.44,98.44,89.2,107.36,90.3,72,45,78,45
72.29,89.85,117.15,90.89,93.76,98.5,98.5,89.2,107.36,90.3,72,45,78,45
72.29,90.01,117.01,90.93,93.76,98.56,98.56,89.2,107.36,90.3,72,45,78,45
72.29,90.19,116.87,90.93,93.76,98.62,98.62,89.2,107.36,90.3,72,45,78,45
72.29,90.36,116.73,90.93,93.76,98.66,98.66,89.2,107.36,90.3,72,45,78,45
72.29,90.54,116.58,90.93,93.76,98.71,98.71,89.2,107.36,90.3,72,45,78,45
72.29,90.72,116.44,90.93,93.76,98.74,98.74,89.2,107.36,90.3,72,45,78,45
72.29,90.89,116.3,90.93,93.76,98.78,98.78,89.2,107.36,90.3,72,45,78,45
72.29,91.06,116.16,90.93,93.76,98.78,98.78,89.2,107.36,90.3,72,45,78,45
72.29,91.23,116.02,90.93,93.76,98.78,98.78,89.2,107.36,90.3,72,45,78,45
72.29,91.4,115.89,90.93,93.76,98.78,98.78,89.2,107.36,90.3,72,45,78,45
72.29,91.56,115.76,90.93,93.76,98.78,98.78,89.2,107.36,90.3,72,45,78,45
72.66,91.71,115.64,90.93,93.76,98.78,98.78,89.2,107.36,90.3,72,45,78,45
76.21,91.84,115.53,90.99,93.83,98.78,98.78,89.2,107.36,90.3,72,45,78,45
81.3,91.95,115.44,91.09,93.92,98.78,98.78,89.2,107.36,90.3,72,45,78,45
88.88,92.04,115.37,91.18,94,98.78,98.78,89.2,107.36,90.3,72,45,78,45
97.76,92.12,115.31,91.26,94.08,98.78,98.78,89.2,107.36,90.3,72,45,78,45
106.91,92.18,115.26,91.35,94.17,98.78,98.78,89.2,107.36,90.3,72,45,78,45
116.1,92.23,115.22,91.44,94.25,98.78,98.78,89.2,107.36,90.3,72,45,78,45
122.25,92.23,115.22,91.53,94.35,98.78,98.78,89.2,107.36,90.3,72,45,78,45
125.99,92.23,115.22,91.61,94.42,98.78,98.78,89.2,107.36,90.3,72,45,78,45
126.66,92.23,115.22,91.68,94.49,98.78,98.78,89.2,107.36,90.3,72,45,78,45
125.23,92.23,115.22,91.74,94.55,98.78,98.78,89.2,107.36,90.3,72,45,78,45
120.26,92.23,115.22,91.74,94.55,98.78,98.78,89.2,107.36,90.3,72,45,78,45
115.67,92.28,115.18,91.74,94.55,98.78,98.78,89.2,107.36,90.3,72,45,78,45
113.92,92.28,115.18,91.74,94.55,98.78,98.78,89.2,107.36,90.3,72,45,78,45
108.57,92.33,115.14,91.74,94.55,98.78,98.78,89.2,107.36,90.3,72,45,78,45
103.58,92.33,115.14,91.74,94.55,98.78,98.78,89.2,107.36,90.3,72,45,78,45
100,92.33,115.14,91.74,94.55,98.78,98.78,89.2,107.36,90.3,72,45,78,45
98.67,92.38,115.14,91.74,94.55,98.78,98.78,89.2,107.36,90.3,72,45,78,45
94.53,92.38,115.1,91.74,94.55,98.78,98.78,89.2,107.36,90.3,72,45,78,45
93.12,92.38,115.1,91.74,94.55,98.78,98.78,89.2,107.36,90.3,72,45,78,45
91.74,92.38,115.1,91.74,94.55,98.78,98.78,89.2,107.36,90.3,72,45,78,45
90.47,92.38,115.1,91.74,94.55,98.78,98.78,89.2,107.36,90.3,72,45,78,45
89.31,92.38,115.1,91.74,94.55,98.78,98.78,89.2,107.36,90.3,72,45,78,45
88.24,92.38,115.1,91.74,94.55,98.78,98.78,89.2,107.36,90.3,72,45,78,45
87.29,92.38,115.1,91.74,94.55,98.78,98.78,89.2,107.36,90.3,72,45,78,45
86.46,92.43,115.1,91.74,94.55,98.78,98.78,89.2,107.36,90.3,72,45,78,45
85.79,92.43,115.06,91.74,94.55,98.78,98.78,89.2,107.36,90.3,72,45,78,45
85.2,92.43,115.06,91.74,94.55,98.78,98.78,89.2,107.36,90.3,72,45,78,45
84.67,92.48,115.01,91.7,94.55,98.78,98.78,89.2,107.36,90.3,72,45,78,45
84.2,92.48,115.01,91.65,94.5,98.78,98.78,89.2,107.36,90.3,72,45,78,45
83.79,92.53,115.01,91.61,94.45,98.78,98.78,89.2,107.36,90.3,72,45,78,45
83.34,92.53,114.97,91.56,94.4,98.78,98.78,89.25,107.36,90.3,72,45,78,45
82.81,92.58,114.93,91.52,94.36,98.78,98.78,89.25,107.36,90.23,72,45,78,45
82.19,92.64,114.89,91.47,94.31,98.78,98.78,89.3,107.36,90.23,72,45,78,45
81.61,92.69,114.84,91.47,94.31,98.78,98.78,89.3,107.36,90.23,72,45,78,45
81.02,92.75,114.8,91.43,94.27,98.78,98.78,89.35,107.36,90.15,72,45,78,45
80.44,92.8,114.76,91.43,94.27,98.78,98.78,89.35,107.36,90.15,72,45,78,45
79.76,92.85,114.72,91.39,94.23,98.78,98.78,89.35,107.36,90.15,72,45,78,45
78.94,92.91,114.67,91.39,94.23,98.78,98.78,89.35,107.36,90.15,72,45,78,45
78.08,92.97,114.62,91.39,94.23,98.78,98.78,89.4,107.36,90.07,72,45,78,45
77.28,93.02,114.58,91.39,94.23,98.78,98.78,89.4,107.36,90.07,72,45,78,45
76.56,93.08,114.53,91.39,94.23,98.78,98.78,89.4,107.36,90.07,72,45,78,45
75.94,93.14,114.49,91.39,94.23,98.78,98.78,89.4,107.36,90.07,72,45,78,45
75.37,93.19,114.44,91.39,94.23,98.78,98.78,89.4,107.36,90.07,72,45,78,45
