72.00,90.45,116.64,98.94,103.93,99.09,99.45,89.73,108.09,89.52,72.00,45.00,78.00,45.00
72.00,90.45,116.64,98.94,103.93,99.09,99.45,89.73,108.09,89.52,72.00,45.00,78.00,45.00
72.00,90.45,116.64,98.94,103.93,99.09,99.45,89.73,108.09,89.52,72.00,45.00,78.00,45.00
72.00,90.45,116.64,98.94,103.93,99.09,99.45,89.73,108.09,89.52,72.00,45.00,78.00,45.00
72.00,90.45,116.64,98.94,103.93,99.09,99.45,89.73,108.09,89.52,72.00,45.00,78.00,45.00
72.00,90.45,116.64,98.89,103.89,99.09,99.45,89.73,108.09,89.52,72.00,45.00,78.00,45.00
73.00,90.45,116.64,98.84,103.83,99.09,99.45,89.73,108.09,89.52,72.00,45.00,78.00,45.00
79.00,90.45,116.64,98.78,103.78,99.09,99.45,89.78,108.09,89.52,72.00,45.00,78.00,45.00
87.80,90.45,116.64,98.72,103.73,99.09,99.45,89.84,108.09,89.52,72.00,45.00,78.00,45.00
103.94,90.45,116.64,98.67,103.68,99.09,99.45,89.89,108.09,89.52,72.00,45.00,78.00,45.00
121.02,90.45,116.64,98.62,103.63,99.09,99.40,89.96,108.09,89.42,72.00,45.00,78.00,45.00
128.71,90.45,116.64,98.58,103.63,99.09,99.34,90.03,108.17,89.32,72.00,45.00,78.00,45.00
130.47,90.45,116.64,98.58,103.63,99.09,99.28,90.10,108.26,89.23,72.00,45.00,78.00,45.00
131.74,90.45,116.64,98.54,103.58,99.09,99.21,90.16,108.35,89.14,72.00,45.00,78.00,45.00
132.65,90.45,116.64,98.48,103.53,99.09,99.15,90.22,108.45,89.06,72.00,45.00,78.00,45.00
133.31,90.45,116.64,98.43,103.47,99.09,99.08,90.28,108.54,89.06,72.00,45.00,78.00,45.00
133.78,90.45,116.64,98.37,103.42,99.09,99.02,90.28,108.62,89.06,72.00,45.00,78.00,45.00
133.90,90.45,116.64,98.31,103.36,99.09,98.96,90.28,108.70,89.06,72.00,45.00,78.00,45.00
134.01,90.45,116.64,98.24,103.29,99.09,98.90,90.28,108.78,89.06,72.00,45.00,78.00,45.00
134.11,90.45,116.64,98.17,103.22,99.09,98.85,90.28,108.78,89.06,72.00,45.00,78.00,45.00
134.20,90.45,116.64,98.10,103.15,99.09,98.85,90.28,108.78,89.06,72.00,45.00,78.00,45.00
134.28,90.45,116.64,98.03,103.08,99.09,98.85,90.28,108.78,89.06,72.00,45.00,78.00,45.00
134.35,90.45,116.64,97.97,103.02,99.09,98.85,90.28,108.78,89.06,72.00,45.00,78.00,45.00
134.42,90.45,116.64,97.91,102.97,99.09,98.85,90.28,108.78,89.06,72.00,45.00,78.00,45.00
134.48,90.45,116.64,97.86,102.91,99.09,98.85,90.28,108.78,89.06,72.00,45.00,78.00,45.00
134.53,90.45,116.64,97.81,102.86,99.09,98.85,90.28,108.78,89.06,72.00,45.00,78.00,45.00
134.58,90.45,116.64,97.76,102.81,99.09,98.85,90.28,108.78,89.06,72.00,45.00,78.00,45.00
134.62,90.45,116.64,97.71,102.77,99.09,98.85,90.28,108.78,89.06,72.00,45.00,78.00,45.00
134.66,90.45,116.64,97.67,102.77,99.09,98.85,90.28,108.78,89.06,72.00,45.00,78.00,45.00
134.69,90.45,116.64,97.67,102.77,99.09,98.85,90.28,108.78,89.06,72.00,45.00,78.00,45.00
134.69,90.45,116.64,97.67,102.77,99.09,98.85,90.28,108.78,89.06,72.00,45.00,78.00,45.00
134.69,90.50,116.64,97.67,102.77,99.09,98.85,90.28,108.78,89.06,72.00,45.00,78.00,45.00
134.69,90.50,116.60,97.67,102.77,99.09,98.85,90.28,108.78,89.06,72.00,45.00,78.00,45.00
134.69,90.50,116.60,97.67,102.77,99.09,98.85,90.28,108.78,89.06,72.00,45.00,78.00,45.00
134.69,90.55,116.56,97.67,102.77,99.09,98.85,90.28,108.78,89.06,72.00,45.00,78.00,45.00
134.69,90.60,116.56,97.67,102.77,99.09,98.85,90.28,108.78,89.06,72.00,45.00,78.00,45.00
134.69,90.60,116.56,97.67,102.77,99.09,98.85,90.28,108.78,89.06,72.00,45.00,78.00,45.00
134.69,90.60,116.52,97.67,102.77,99.09,98.85,90.28,108.78,89.06,72.00,45.00,78.00,45.00
134.69,90.65,116.52,97.67,102.77,99.09,98.85,90.28,108.78,89.06,72.00,45.00,78.00,45.00
134.69,90.65,116.52,97.67,102.77,99.09,98.85,90.28,108.78,89.06,72.00,45.00,78.00,45.00
134.69,90.65,116.48,97.67,102.77,99.09,98.85,90.22,108.78,89.06,72.00,45.00,78.00,45.00
134.69,90.70,116.48,97.67,102.77,99.09,98.85,90.17,108.78,89.06,72.00,45.00,78.00,45.00
134.69,90.70,116.43,97.67,102.77,99.09,98.85,90.12,108.78,89.06,72.00,45.00,78.00,45.00
134.69,90.75,116.43,97.67,102.77,99.09,98.85,90.12,108.78,89.06,72.00,45.00,78.00,45.00
134.69,90.75,116.39,97.67,102.77,99.09,98.85,90.07,108.78,89.06,72.00,45.00,78.00,45.00
134.69,90.80,116.39,97.67,102.77,99.09,98.85,90.02,108.78,89.06,72.00,45.00,78.00,45.00
134.69,90.80,116.35,97.67,102.77,99.09,98.85,90.02,108.78,89.06,72.00,45.00,78.00,45.00
134.69,90.85,116.35,97.67,102.77,99.09,98.85,90.02,108.78,89.06,72.00,45.00,78.00,45.00
134.69,90.85,116.35,97.67,102.77,99.09,98.85,90.02,108.78,89.06,72.00,45.00,78.00,45.00
134.69,90.85,116.35,97.67,102.77,99.09,98.85,90.02,108.78,89.06,72.00,45.00,78.00,45.00
134.69,90.85,116.35,97.67,102.77,99.09,98.85,90.02,108.78,89.06,72.00,45.00,78.00,45.00
134.69,90.85,116.35,97.67,102.77,99.09,98.85,90.02,108.78,89.06,72.00,45.00,78.00,45.00
134.69,90.85,116.35,97.67,102.77,99.09,98.85,90.02,108.78,89.06,72.00,45.00,78.00,45.00
134.69,90.85,116.35,97.67,102.77,99.09,98.85,90.02,108.78,89.06,72.00,45.00,78.00,45.00
134.69,90.85,116.35,97.67,102.77,99.09,98.85,90.02,108.78,89.06,72.00,45.00,78.00,45.00
134.69,90.85,116.35,97.67,102.77,99.09,98.85,90.02,108.78,89.06,72.00,45.00,78.00,45.00
134.69,90.85,116.35,97.67,102.77,99.09,98.85,90.02,108.78,89.06,72.00,45.00,78.00,45.00
134.69,90.85,116.35,97.67,102.77,99.09,98.90,90.02,108.78,89.06,72.00,45.00,78.00,45.00
134.69,90.85,116.35,97.67,102.77,99.09,98.96,90.02,108.78,89.06,72.00,45.00,78.00,45.00
134.69,90.85,116.35,97.67,102.77,99.09,98.96,90.02,108.78,89.06,72.00,45.00,78.00,45.00
134.69,90.85,116.35,97.67,102.77,99.09,98.96,90.02,108.78,89.06,72.00,45.00,78.00,45.00
134.69,90.85,116.35,97.67,102.77,99.09,98.96,90.02,108.78,89.06,72.00,45.00,78.00,45.00
134.69,90.85,116.35,97.67,102.77,99.09,98.96,90.02,108.78,89.06,72.00,45.00,78.00,45.00
134.69,90.85,116.35,97.67,102.77,99.09,98.96,90.02,108.78,89.06,72.00,45.00,78.00,45.00
134.69,90.85,116.35,97.67,102.77,99.09,98.96,90.02,108.78,89.06,72.00,45.00,78.00,45.00
134.69,90.85,116.35,97.67,102.77,99.09,98.96,90.02,108.78,89.06,72.00,45.00,78.00,45.00
134.69,90.85,116.35,97.67,102.77,99.09,98.96,90.02,108.78,89.06,72.00,45.00,78.00,45.00
134.69,90.85,116.35,97.67,102.77,99.09,98.96,90.02,108.78,89.06,72.00,45.00,78.00,45.00
134.69,90.85,116.35,97.67,102.77,99.09,98.96,90.02,108.78,89.06,72.00,45.00,78.00,45.00
134.69,90.85,116.35,97.67,102.77,99.09,98.96,90.02,108.78,89.06,72.00,45.00,78.00,45.00
134.69,90.85,116.35,97.67,102.77,99.09,98.96,90.02,108.78,89.06,72.00,45.00,78.00,45.00
134.69,90.85,116.35,97.67,102.77,99.09,98.96,90.02,108.78,89.06,72.00,45.00,78.00,45.00
134.69,90.85,116.35,97.67,102.77,99.09,98.96,90.02,108.78,89.06,72.00,45.00,78.00,45.00
134.69,90.85,116.35,96.56,100.82,99.09,98.96,90.02,108.78,89.06,72.00,45.00,78.00,45.00
134.69,90.85,116.35,94.76,98.64,99.09,98.96,90.02,108.78,89.06,72.00,45.00,78.00,45.00
134.69,90.85,116.35,93.03,96.64,99.09,98.96,90.02,108.78,89.06,72.00,45.00,78.00,45.00
134.69,90.85,116.35,91.75,95.16,99.09,98.96,90.02,108.78,89.06,72.00,45.00,78.00,45.00
134.69,90.85,116.35,90.84,94.12,99.09,98.96,90.02,108.78,89.06,72.00,45.00,78.00,45.00
134.69,90.85,116.35,90.16,93.34,99.09,98.96,90.02,108.78,89.06,72.00,45.00,78.00,45.00
134.69,90.85,116.35,89.70,92.81,99.09,98.96,90.02,108.78,89.06,72.00,45.00,78.00,45.00
134.69,90.85,116.35,89.59,92.67,99.09,98.96,90.02,108.78,89.06,72.00,45.00,78.00,45.00
134.69,90.85,116.35,89.50,92.56,99.09,98.96,90.02,108.78,89.06,72.00,45.00,78.00,45.00
134.69,90.85,116.35,89.41,92.46,99.09,98.96,90.02,108.78,89.06,72.00,45.00,78.00,45.00
134.69,90.85,116.35,89.33,92.37,99.09,98.96,90.02,108.78,89.06,72.00,45.00,78.00,45.00
134.69,90.85,116.35,89.25,92.28,99.09,98.96,90.02,108.78,89.06,72.00,45.00,78.00,45.00
134.69,90.85,116.35,89.19,92.20,99.09,98.96,90.02,108.78,89.06,72.00,45.00,78.00,45.00
134.69,90.85,116.35,89.13,92.13,99.09,98.96,90.02,108.78,89.06,72.00,45.00,78.00,45.00
134.69,90.85,116.35,89.08,92.07,99.09,98.96,90.02,108.78,89.06,72.00,45.00,78.00,45.00
134.69,90.85,116.35,89.03,92.02,99.09,98.96,90.02,108.78,89.06,72.00,45.00,78.00,45.00
134.69,90.85,116.35,88.99,91.96,99.09,98.96,90.02,108.78,89.06,72.00,45.00,78.00,45.00
134.69,90.85,116.35,88.94,91.91,99.09,98.96,90.02,108.78,89.06,72.00,45.00,78.00,45.00
134.69,90.85,116.35,88.94,91.87,99.09,98.96,90.02,108.78,89.06,72.00,45.00,78.00,45.00
134.69,90.85,116.35,88.94,91.83,99.09,98.96,90.02,108.78,89.06,72.00,45.00,78.00,45.00
134.69,90.85,116.35,88.94,91.83,99.09,98.96,90.02,108.78,89.06,72.00,45.00,78.00,45.00
134.69,90.85,116.35,88.94,91.83,99.09,98.96,90.02,108.78,89.06,72.00,45.00,78.00,45.00
134.69,90.85,116.35,88.90,91.79,99.09,98.96,90.02,108.78,89.06,72.00,45.00,78.00,45.00
134.69,90.85,116.35,88.85,91.74,99.09,98.96,90.02,108.78,89.06,72.00,45.00,78.00,45.00
134.69,90.85,116.35,88.78,91.67,99.09,98.96,90.02,108.78,89.06,72.00,45.00,78.00,45.00
134.69,90.85,116.35,88.64,91.54,99.09,98.96,90.02,108.78,89.06,72.00,45.00,78.00,45.00
134.69,90.85,116.35,88.11,91.02,99.09,98.96,90.02,108.78,89.06,72.00,45.00,78.00,45.00
134.69,90.85,116.35,87.56,90.48,99.09,98.96,90.02,108.78,89.06,72.00,45.00,78.00,45.00
134.69,90.85,116.35,87.10,90.32,99.09,98.96,90.02,108.78,89.06,72.00,45.00,78.00,45.00
134.69,90.85,116.35,86.95,89.82,99.09,98.96,90.02,108.78,89.06,72.00,45.00,78.00,45.00
134.69,90.85,116.35,86.81,89.69,99.09,98.96,90.02,108.78,89.06,72.00,45.00,78.00,45.00
134.69,90.85,116.35,86.66,89.55,99.09,98.96,90.02,108.78,89.06,72.00,45.00,78.00,45.00
134.69,90.85,116.35,86.54,89.44,99.09,98.96,90.02,108.78,89.06,72.00,45.00,78.00,45.00
134.69,90.85,116.35,86.54,89.44,99.09,98.96,90.02,108.78,89.06,72.00,45.00,78.00,45.00
134.69,90.85,116.35,88.54,91.26,99.09,98.96,90.02,108.78,89.06,72.00,45.00,78.00,45.00
134.69,90.85,116.35,93.15,97.15,99.09,98.96,90.02,108.78,89.06,72.00,45.00,78.00,45.00
134.69,90.85,116.35,94.32,98.61,99.09,98.96,90.02,108.78,89.06,72.00,45.00,78.00,45.00
134.69,90.85,116.35,95.15,99.66,99.09,98.96,90.02,108.78,89.06,72.00,45.00,78.00,45.00
134.69,90.85,116.35,95.88,100.54,99.09,98.96,90.02,108.78,89.06,72.00,45.00,78.00,45.00
134.69,90.85,116.35,96.45,101.22,99.09,98.96,90.02,108.78,89.06,72.00,45.00,78.00,45.00
134.69,90.85,116.35,96.60,101.70,99.09,98.96,90.02,108.78,89.06,72.00,45.00,78.00,45.00
134.69,90.85,116.35,96.73,101.82,99.09,98.96,90.02,108.78,89.06,72.00,45.00,78.00,45.00
134.69,90.85,116.35,96.84,101.93,99.09,98.96,90.02,108.78,89.06,72.00,45.00,78.00,45.00
134.69,90.85,116.35,96.94,102.03,99.09,98.96,90.02,108.78,89.06,72.00,45.00,78.00,45.00
134.69,90.85,116.35,97.02,102.10,99.09,98.96,90.02,108.78,89.06,72.00,45.00,78.00,45.00
134.69,90.85,116.35,97.10,102.17,99.09,98.96,90.02,108.78,89.06,72.00,45.00,78.00,45.00
134.69,90.85,116.35,97.16,102.24,99.09,98.96,90.02,108.78,89.06,72.00,45.00,78.00,45.00
134.69,90.85,116.35,97.23,102.30,99.09,98.96,90.02,108.78,89.06,72.00,45.00,78.00,45.00
134.69,90.85,116.35,97.28,102.35,99.09,98.96,90.02,108.78,89.06,72.00,45.00,78.00,45.00
134.69,90.85,116.35,97.33,102.40,99.09,98.96,90.02,108.78,89.06,72.00,45.00,78.00,45.00
134.69,90.85,116.35,97.38,102.44,99.09,98.96,90.02,108.78,89.06,72.00,45.00,78.00,45.00
134.69,90.85,116.35,97.38,102.44,99.09,98.96,90.02,108.78,89.06,72.00,45.00,78.00,45.00
134.69,90.85,116.35,97.38,102.44,99.09,98.96,90.02,108.78,89.06,72.00,45.00,78.00,45.00
134.69,90.85,116.35,97.38,102.44,99.09,98.96,90.02,108.78,89.06,72.00,45.00,78.00,45.00
134.69,90.85,116.35,97.38,102.44,99.09,98.96,90.02,108.78,89.06,72.00,45.00,78.00,45.00
134.69,90.85,116.35,97.38,102.44,99.09,98.96,90.02,108.78,89.06,72.00,45.00,78.00,45.00
134.69,90.85,116.35,97.38,102.44,99.09,98.96,90.02,108.78,89.06,72.00,45.00,78.00,45.00
134.69,90.85,116.35,97.38,102.44,99.09,98.96,90.02,108.78,89.06,72.00,45.00,78.00,45.00
134.69,90.85,116.35,97.38,102.44,99.09,98.96,90.02,108.78,89.06,72.00,45.00,78.00,45.00
134.69,90.85,116.35,97.38,102.44,99.09,98.96,90.02,108.78,89.06,72.00,45.00,78.00,45.00
134.69,90.85,116.35,97.38,102.44,99.09,98.96,90.02,108.78,89.06,72.00,45.00,78.00,45.00
134.69,90.85,116.35,97.38,102.44,99.09,98.96,90.02,108.78,89.06,72.00,45.00,78.00,45.00
134.69,90.85,116.35,97.38,102.44,99.09,98.96,90.02,108.78,89.06,72.00,45.00,78.00,45.00
134.69,90.85,116.35,97.38,102.44,99.09,98.96,90.02,108.78,89.06,72.00,45.00,78.00,45.00
134.69,90.85,116.35,97.38,102.44,99.09,98.96,90.02,108.78,89.06,72.00,45.00,78.00,45.00
134.69,90.85,116.35,97.38,102.44,99.09,98.96,90.02,108.78,89.06,72.00,45.00,78.00,45.00
134.69,90.85,116.35,97.38,102.44,99.09,98.96,90.02,108.78,89.06,72.00,45.00,78.00,45.00
134.69,90.85,116.35,97.38,102.44,99.09,98.96,90.02,108.78,89.06,72.00,45.00,78.00,45.00
134.69,90.85,116.35,97.38,102.44,99.09,98.96,90.02,108.78,89.06,72.00,45.00,78.00,45.00
134.69,90.85,116.35,97.38,102.44,99.09,98.96,90.02,108.78,89.06,72.00,45.00,78.00,45.00
134.69,90.85,116.35,97.38,102.44,99.09,98.96,90.02,108.78,89.06,72.00,45.00,78.00,45.00
134.69,90.85,116.35,97.38,102.44,99.09,98.96,90.02,108.78,89.06,72.00,45.00,78.00,45.00
134.69,90.85,116.35,97.38,102.44,99.09,98.96,90.02,108.78,89.06,72.00,45.00,78.00,45.00
134.69,90.85,116.35,97.38,102.44,99.09,98.96,90.02,108.78,89.06,72.00,45.00,78.00,45.00
134.69,90.85,116.35,97.38,102.44,99.09,98.96,90.02,108.78,89.06,72.00,45.00,78.00,45.00
134.69,90.85,116.35,97.38,102.44,99.09,98.96,90.02,108.78,89.06,72.00,45.00,78.00,45.00
134.69,90.85,116.35,97.38,102.44,99.09,98.96,90.02,108.78,89.06,72.00,45.00,78.00,45.00
134.69,90.85,116.35,97.38,102.44,99.09,98.96,90.02,108.78,89.06,72.00,45.00,78.00,45.00
134.69,90.85,116.35,97.38,102.44,99.09,98.96,90.02,108.78,89.06,72.00,45.00,78.00,45.00
134.69,90.85,116.35,97.38,102.44,99.09,98.96,90.02,108.78,89.06,72.00,45.00,78.00,45.00
134.69,90.85,116.35,97.38,102.44,99.09,98.96,90.02,108.78,89.06,72.00,45.00,78.00,45.00
134.69,90.85,116.35,97.38,102.44,99.09,98.96,90.02,108.78,89.06,72.00,45.00,78.00,45.00
134.69,90.85,116.35,97.38,102.44,99.09,98.96,90.02,108.78,89.06,72.00,45.00,78.00,45.00
134.69,90.85,116.35,97.38,102.44,99.09,98.96,90.02,108.78,89.06,72.00,45.00,78.00,45.00
134.69,90.85,116.35,97.38,102.44,99.09,98.96,90.02,108.78,89.06,72.00,45.00,78.00,45.00
134.69,90.85,116.35,97.38,102.44,99.09,98.96,90.02,108.78,89.06,72.00,45.00,78.00,45.00
134.69,90.85,116.35,97.38,102.44,99.09,98.96,90.02,108.78,89.06,72.00,45.00,78.00,45.00
134.69,90.85,116.35,97.38,102.44,99.09,98.96,90.02,108.78,89.06,72.00,45.00,78.00,45.00
134.69,90.85,116.35,97.38,102.44,99.09,98.96,90.02,108.78,89.06,72.00,45.00,78.00,45.00
134.69,90.85,116.35,97.38,102.44,99.09,98.96,90.02,108.78,89.06,72.00,45.00,78.00,45.00
134.69,90.85,116.35,97.38,102.44,99.09,98.96,90.02,108.78,89.06,72.00,45.00,78.00,45.00
134.69,90.85,116.35,97.38,102.44,99.09,98.96,90.02,108.78,89.06,72.00,45.00,78.00,45.00
134.69,90.85,116.35,97.38,102.44,99.09,98.96,90.02,108.78,89.06,72.00,45.00,78.00,45.00
134.69,90.85,116.35,97.38,102.44,99.09,98.96,90.02,108.78,89.06,72.00,45.00,78.00,45.00
134.69,90.85,116.35,97.38,102.44,99.09,98.96,90.02,108.78,89.06,72.00,45.00,78.00,45.00
134.69,90.85,116.35,97.38,102.44,99.09,98.96,90.02,108.78,89.06,72.00,45.00,78.00,45.00
134.69,90.85,116.35,97.38,102.44,99.09,98.96,90.02,108.78,89.06,72.00,45.00,78.00,45.00
134.69,90.85,116.35,97.38,102.44,99.09,98.96,90.02,108.78,89.06,72.00,45.00,78.00,45.00
134.69,90.85,116.35,97.38,102.44,99.09,98.96,90.02,108.78,89.06,72.00,45.00,78.00,45.00
134.69,90.85,116.35,97.38,102.44,99.09,98.96,90.02,108.78,89.06,72.00,45.00,78.00,45.00
134.69,90.85,116.35,97.38,102.44,99.09,98.96,90.02,108.78,89.06,72.00,45.00,78.00,45.00
134.69,90.85,116.35,97.38,102.44,99.09,98.96,90.02,108.78,89.06,72.00,45.00,78.00,45.00
134.69,90.85,116.35,97.38,102.44,99.09,98.96,90.02,108.78,89.06,72.00,45.00,78.00,45.00
134.69,90.85,116.35,97.38,102.44,99.09,98.96,90.02,108.78,89.06,72.00,45.00,78.00,45.00
134.69,90.85,116.35,97.38,102.44,99.09,98.96,90.02,108.78,89.06,72.00,45.00,78.00,45.00
134.69,90.85,116.35,97.38,102.44,99.09,98.96,90.02,108.78,89.06,72.00,45.00,78.00,45.00
134.69,90.85,116.35,97.38,102.44,99.09,98.96,90.02,108.78,89.06,72.00,45.00,78.00,45.00
134.69,90.85,116.35,97.38,102.44,99.09,98.96,90.02,108.78,89.06,72.00,45.00,78.00,45.00
134.69,90.85,116.35,97.38,102.44,99.09,98.96,90.02,108.78,89.06,72.00,45.00,78.00,45.00
134.69,90.85,116.35,97.38,102.44,99.09,98.96,90.02,108.78,89.06,72.00,45.00,78.00,45.00
134.69,90.85,116.35,97.38,102.44,99.09,98.96,90.02,108.78,89.06,72.00,45.00,78.00,45.00
134.69,90.85,116.35,97.38,102.44,99.09,98.96,90.02,108.78,89.06,72.00,45.00,78.00,45.00
134.69,90.85,116.35,97.38,102.44,99.09,98.96,90.02,108.78,89.06,72.00,45.00,78.00,45.00
134.69,90.85,116.35,97.38,102.44,99.09,98.96,90.02,108.78,89.06,72.00,45.00,78.00,45.00
134.69,90.85,116.35,97.38,102.44,99.09,98.96,90.02,108.78,89.06,72.00,45.00,78.00,45.00
134.69,90.85,116.35,97.38,102.44,99.09,98.96,90.02,108.78,89.06,72.00,45.00,78.00,45.00
134.69,90.85,116.35,97.38,102.44,99.09,98.96,90.02,108.78,89.06,72.00,45.00,78.00,45.00
134.69,90.85,116.35,97.38,102.44,99.09,98.96,90.02,108.78,89.06,72.00,45.00,78.00,45.00
134.69,90.85,116.35,97.38,102.44,99.09,98.96,90.02,108.78,89.06,72.00,45.00,78.00,45.00
134.69,90.85,116.35,97.38,102.44,99.09,98.96,90.02,108.78,89.06,72.00,45.00,78.00,45.00
134.69,90.85,116.35,97.38,102.44,99.09,98.96,90.02,108.78,89.06,72.00,45.00,78.00,45.00
134.69,90.85,116.35,97.38,102.44,99.09,98.96,90.02,108.78,89.06,72.00,45.00,78.00,45.00
134.69,90.85,116.35,97.38,102.44,99.09,98.96,90.02,108.78,89.06,72.00,45.00,78.00,45.00
134.69,90.85,116.35,97.38,102.44,99.09,98.96,90.02,108.78,89.06,72.00,45.00,78.00,45.00
134.69,90.85,116.35,97.38,102.44,99.09,98.96,90.02,108.78,89.06,72.00,45.00,78.00,45.00
134.69,90.85,116.35,97.38,102.44,99.09,98.96,90.02,108.78,89.06,72.00,45.00,78.00,45.00
134.69,90.85,116.35,97.38,102.44,99.09,98.96,90.02,108.78,89.06,72.00,45.00,78.00,45.00
134.69,90.85,116.35,97.38,102.44,99.09,98.96,90.02,108.78,89.06,72.00,45.00,78.00,45.00
134.69,90.85,116.35,97.38,102.44,99.09,98.96,90.02,108.78,89.06,72.00,45.00,78.00,45.00
134.69,90.85,116.35,97.38,102.44,99.09,98.96,90.02,108.78,89.06,72.00,45.00,78.00,45.00
134.69,90.85,116.35,97.38,102.44,99.09,98.96,90.02,108.78,89.06,72.00,45.00,78.00,45.00
134.69,90.85,116.35,97.38,102.44,99.09,98.96,90.02,108.78,89.06,72.00,45.00,78.00,45.00
134.69,90.85,116.35,97.38,102.44,99.09,98.96,90.02,108.78,89.06,72.00,45.00,78.00,45.00
134.69,90.85,116.35,97.38,102.44,99.09,98.96,90.02,108.78,89.06,72.00,45.00,78.00,45.00
134.69,90.85,116.35,97.38,102.44,99.09,98.96,90.02,108.78,89.06,72.00,45.00,78.00,45.00
134.69,90.85,116.35,97.38,102.44,99.09,98.96,90.02,108.78,89.06,72.00,45.00,78.00,45.00
134.69,83.54,122.42,97.38,102.44,99.09,92.13,90.02,108.78,89.06,72.00,45.00,78.00,45.00
134.69,64.43,138.30,97.38,102.39,99.09,73.27,90.02,108.78,89.06,72.00,45.00,78.00,45.00
134.69,51.84,148.83,97.33,102.32,99.09,60.74,90.02,108.78,89.06,72.00,45.00,78.00,45.00
134.69,46.22,153.52,97.27,102.25,99.09,55.15,90.02,108.78,89.06,72.00,45.00,78.00,45.00
134.69,45.38,154.23,97.27,102.20,99.09,54.28,90.02,108.78,89.06,72.00,45.00,78.00,45.00
134.69,48.09,152.03,97.27,102.16,98.42,56.88,90.02,108.78,89.06,72.00,45.00,78.00,45.00
134.69,59.68,142.36,97.27,102.16,98.05,68.43,90.02,108.78,89.06,72.00,45.00,78.00,45.00
134.69,70.11,133.63,97.27,102.16,98.15,78.89,90.02,108.78,89.06,72.00,45.00,78.00,45.00
134.69,77.02,127.85,97.27,102.16,98.25,85.86,90.02,108.78,89.06,72.00,45.00,78.00,45.00
134.69,79.34,125.91,97.27,102.16,98.33,88.22,90.02,108.78,89.06,72.00,45.00,78.00,45.00
134.69,81.49,124.12,97.27,102.16,98.41,90.41,90.02,108.78,89.06,72.00,45.00,78.00,45.00
134.69,83.54,122.40,97.27,102.16,98.48,92.48,90.02,108.78,89.06,72.00,45.00,78.00,45.00
134.69,85.25,120.99,97.27,102.16,98.54,94.20,90.02,108.78,89.06,72.00,45.00,78.00,45.00
134.69,86.71,119.77,97.23,102.16,98.59,95.66,90.02,108.78,89.06,72.00,45.00,78.00,45.00
134.69,87.75,118.90,97.19,102.16,98.64,96.72,90.02,108.78,89.06,72.00,45.00,78.00,45.00
134.69,88.51,118.26,97.19,102.16,98.69,97.49,90.02,108.78,89.06,72.00,45.00,78.00,45.00
134.69,88.70,117.81,97.19,102.16,98.73,97.68,90.02,108.78,89.06,72.00,45.00,78.00,45.00
134.69,88.88,117.69,97.15,102.16,98.76,97.86,90.02,108.78,89.06,72.00,45.00,78.00,45.00
134.69,89.03,117.59,97.15,102.16,98.80,98.02,90.02,108.78,89.06,72.00,45.00,78.00,45.00
134.69,89.18,117.49,97.15,102.16,98.80,98.16,90.02,108.78,89.06,72.00,45.00,78.00,45.00
134.69,89.30,117.41,97.15,102.16,98.80,98.29,90.02,108.78,89.06,72.00,45.00,78.00,45.00
134.69,89.42,117.33,97.15,102.16,98.80,98.41,90.02,108.78,89.06,72.00,45.00,78.00,45.00
134.69,89.52,117.26,97.15,102.16,98.80,98.51,90.02,108.78,89.06,72.00,45.00,78.00,45.00
134.69,89.61,117.20,97.15,102.16,98.80,98.60,90.02,108.78,89.06,72.00,45.00,78.00,45.00
134.69,89.70,117.14,97.15,102.16,98.80,98.69,90.02,108.78,89.06,72.00,45.00,78.00,45.00
134.69,89.77,117.09,97.15,102.16,98.80,98.77,90.02,108.78,89.06,72.00,45.00,78.00,45.00
134.69,89.84,117.05,97.15,102.16,98.80,98.83,90.02,108.78,89.06,72.00,45.00,78.00,45.00
134.69,89.90,117.01,97.15,102.16,98.80,98.90,90.02,108.78,89.06,72.00,45.00,78.00,45.00
134.69,89.96,117.01,97.15,102.16,98.80,98.95,90.02,108.78,89.06,72.00,45.00,78.00,45.00
134.69,90.02,116.96,97.15,102.16,98.80,99.00,90.02,108.78,89.06,72.00,45.00,78.00,45.00
134.69,90.08,116.92,97.15,102.16,98.80,99.00,90.02,108.78,89.06,72.00,45.00,78.00,45.00
134.69,90.13,116.88,97.11,102.16,98.80,99.00,90.02,108.78,89.06,72.00,45.00,78.00,45.00
134.69,90.18,116.84,97.06,102.16,98.80,99.00,90.02,108.78,89.06,72.00,45.00,78.00,45.00
134.69,90.24,116.84,97.06,102.12,98.80,99.00,90.02,108.78,89.06,72.00,45.00,78.00,45.00
134.69,90.29,116.80,97.02,102.07,98.80,99.00,90.02,108.78,89.06,72.00,45.00,78.00,45.00
134.69,90.29,116.76,96.97,102.03,98.80,99.00,90.02,108.78,89.06,72.00,45.00,78.00,45.00
134.69,90.34,116.76,96.93,101.98,98.80,99.00,90.02,108.78,89.06,72.00,45.00,78.00,45.00
134.69,90.34,116.71,96.89,101.98,98.80,99.00,90.02,108.78,89.06,72.00,45.00,78.00,45.00
134.69,90.39,116.71,96.89,101.94,98.80,99.00,90.02,108.78,89.06,72.00,45.00,78.00,45.00
134.69,90.39,116.71,96.84,101.94,98.80,99.00,90.02,108.78,89.06,72.00,45.00,78.00,45.00
134.69,90.44,116.67,96.84,101.94,98.80,99.00,90.02,108.78,89.06,72.00,45.00,78.00,45.00
134.69,90.44,116.67,96.84,101.94,98.80,99.00,90.02,108.78,89.06,72.00,45.00,78.00,45.00
134.69,90.49,116.63,96.84,101.94,98.80,99.00,90.02,108.78,89.06,72.00,45.00,78.00,45.00
134.69,90.49,116.63,96.84,101.94,98.80,99.00,90.02,108.78,89.06,72.00,45.00,78.00,45.00
134.69,90.49,116.63,96.84,101.94,98.80,99.00,90.02,108.78,89.06,72.00,45.00,78.00,45.00
134.69,90.49,116.59,96.84,101.94,98.80,99.00,90.02,108.78,89.06,72.00,45.00,78.00,45.00
134.69,90.54,116.59,96.84,101.94,98.80,99.00,90.02,108.78,89.06,72.00,45.00,78.00,45.00
134.69,90.54,116.59,96.84,101.94,98.80,99.00,90.02,108.78,89.06,72.00,45.00,78.00,45.00
134.69,90.54,116.59,96.84,101.94,98.80,99.00,90.02,108.78,89.06,72.00,45.00,78.00,45.00
134.69,90.54,116.59,96.84,101.94,98.80,99.00,90.02,108.78,89.06,72.00,45.00,78.00,45.00
134.69,90.59,116.55,96.84,101.94,98.80,99.00,90.02,108.78,89.06,72.00,45.00,78.00,45.00
134.69,90.59,116.55,96.84,101.94,98.80,99.00,90.02,108.78,89.06,72.00,45.00,78.00,45.00
134.69,90.59,116.55,96.84,101.94,98.80,99.00,90.02,108.78,89.06,72.00,45.00,78.00,45.00
134.69,90.59,116.55,96.84,101.94,98.80,99.00,90.02,108.78,89.06,72.00,45.00,78.00,45.00
134.69,90.59,116.55,96.84,101.94,98.80,99.00,90.02,108.78,89.06,72.00,45.00,78.00,45.00
134.69,90.59,116.55,96.84,101.94,98.80,99.00,90.02,108.78,89.06,72.00,45.00,78.00,45.00
134.69,90.59,116.55,96.84,101.94,98.80,99.00,90.02,108.78,89.06,72.00,45.00,78.00,45.00
134.69,90.59,116.55,96.84,101.94,98.80,99.00,90.02,108.78,89.06,72.00,45.00,78.00,45.00
134.69,90.59,116.55,96.84,101.94,98.80,99.00,90.02,108.78,89.06,72.00,45.00,78.00,45.00
134.69,90.59,116.55,96.84,101.94,98.80,99.00,90.02,108.78,89.06,72.00,45.00,78.00,45.00
134.69,90.59,116.55,96.84,101.94,98.80,99.00,90.02,108.78,89.06,72.00,45.00,78.00,45.00
134.69,90.59,116.55,96.84,101.94,98.80,99.00,90.02,108.78,89.06,72.00,45.00,78.00,45.00
134.69,90.64,116.51,96.84,101.94,98.80,99.00,90.02,108.78,89.06,72.00,45.00,78.00,45.00
134.69,90.64,116.51,96.84,101.94,98.80,99.00,90.02,108.78,89.06,72.00,45.00,78.00,45.00
134.69,90.64,116.51,96.84,101.94,98.80,99.00,90.02,108.78,89.06,72.00,45.00,78.00,45.00
134.69,90.64,116.51,96.84,101.94,98.80,99.00,90.02,108.78,89.06,72.00,45.00,78.00,45.00
134.69,90.64,116.51,96.84,101.94,98.80,99.00,90.02,108.78,89.06,72.00,45.00,78.00,45.00
134.69,90.64,116.51,96.84,101.94,98.80,99.00,90.02,108.78,89.06,72.00,45.00,78.00,45.00
134.69,90.64,116.51,96.84,101.94,98.80,99.00,90.02,108.78,89.06,72.00,45.00,78.00,45.00
134.69,90.64,116.51,96.84,101.94,98.80,99.00,90.02,108.78,89.06,72.00,45.00,78.00,45.00
134.69,90.64,116.51,96.84,101.94,98.80,99.00,90.02,108.78,89.06,72.00,45.00,78.00,45.00
134.69,90.69,116.47,96.84,101.94,98.80,99.00,90.02,108.78,89.06,72.00,45.00,78.00,45.00
134.69,90.69,116.47,96.84,101.94,98.80,99.00,90.02,108.78,89.06,72.00,45.00,78.00,45.00
134.69,90.69,116.47,96.84,101.94,98.80,99.00,90.02,108.78,89.06,72.00,45.00,78.00,45.00
134.69,90.69,116.47,96.84,101.94,98.80,99.00,90.02,108.78,89.06,72.00,45.00,78.00,45.00
134.69,90.74,116.43,96.84,101.94,98.80,99.00,90.02,108.78,89.06,72.00,45.00,78.00,45.00
134.69,90.74,116.43,96.84,101.94,98.80,99.00,90.02,108.78,89.06,72.00,45.00,78.00,45.00
134.69,90.74,116.43,96.84,101.94,98.80,99.00,90.02,108.78,89.06,72.00,45.00,78.00,45.00
134.69,90.79,116.38,96.84,101.94,98.80,99.00,90.02,108.78,89.06,72.00,45.00,78.00,45.00
134.69,90.79,116.38,96.84,101.94,98.80,99.00,90.02,108.78,89.06,72.00,45.00,78.00,45.00
134.69,90.79,116.38,96.84,101.94,98.80,99.00,90.02,108.78,89.06,72.00,45.00,78.00,45.00
134.69,90.79,116.38,96.84,101.94,98.80,99.00,90.02,108.78,89.06,72.00,45.00,78.00,45.00
134.69,90.79,116.38,96.84,101.94,98.80,99.00,90.02,108.78,89.06,72.00,45.00,78.00,45.00
134.69,90.79,116.38,96.84,101.94,98.80,99.00,90.02,108.78,89.06,72.00,45.00,78.00,45.00
134.69,90.79,116.38,96.84,101.94,98.80,99.00,90.02,108.78,89.06,72.00,45.00,78.00,45.00
134.69,90.79,116.38,96.84,101.94,98.80,99.00,90.02,108.78,89.06,72.00,45.00,78.00,45.00
134.69,90.79,116.38,96.84,101.94,98.80,99.00,90.02,108.78,89.06,72.00,45.00,78.00,45.00
134.69,90.79,116.38,96.84,101.94,98.80,99.00,90.02,108.78,89.06,72.00,45.00,78.00,45.00
134.69,90.79,116.38,96.84,101.94,98.80,99.00,90.02,108.78,89.06,72.00,45.00,78.00,45.00
134.69,90.79,116.38,96.84,101.94,98.80,99.00,90.02,108.78,89.06,72.00,45.00,78.00,45.00
134.69,90.79,116.38,96.84,101.94,98.80,99.00,90.02,108.78,89.06,72.00,45.00,78.00,45.00
134.69,90.79,116.38,96.84,101.94,98.80,99.00,90.02,108.78,89.06,72.00,45.00,78.00,45.00
134.69,90.79,116.38,96.84,101.94,98.80,99.00,90.02,108.78,89.06,72.00,45.00,78.00,45.00
134.69,90.79,116.38,96.84,101.94,98.80,99.00,90.02,108.78,89.06,72.00,45.00,78.00,45.00
134.69,90.79,116.38,96.84,101.94,98.80,99.00,90.02,108.78,89.06,72.00,45.00,78.00,45.00
134.69,90.79,116.38,96.84,101.94,98.80,99.00,90.02,108.78,89.06,72.00,45.00,78.00,45.00
134.69,90.79,116.38,96.84,101.94,98.80,99.00,90.02,108.78,89.06,72.00,45.00,78.00,45.00
134.69,90.79,116.38,96.84,101.94,98.80,99.00,90.02,108.78,89.06,72.00,45.00,78.00,45.00
134.69,90.79,116.38,96.84,101.94,98.80,99.00,90.02,108.78,89.06,72.00,45.00,78.00,45.00
134.69,90.79,116.38,96.84,101.94,98.80,99.00,90.02,108.78,89.06,72.00,45.00,78.00,45.00
134.69,90.79,116.38,96.84,101.94,98.80,99.00,90.02,108.78,89.06,72.00,45.00,78.00,45.00
134.69,90.79,116.38,96.84,101.94,98.80,99.00,90.02,108.78,89.06,72.00,45.00,78.00,45.00
134.69,90.79,116.38,96.84,101.94,98.80,99.00,90.02,108.78,89.06,72.00,45.00,78.00,45.00
134.69,90.79,116.38,96.84,101.94,98.80,99.00,90.02,108.78,89.06,72.00,45.00,78.00,45.00
134.69,90.79,116.38,96.84,101.94,98.80,99.00,90.02,108.78,89.06,72.00,45.00,78.00,45.00
134.69,90.79,116.38,96.84,101.94,98.80,99.00,90.02,108.78,89.06,72.00,45.00,78.00,45.00
134.69,90.79,116.38,96.84,101.94,98.80,99.00,90.02,108.78,89.06,72.00,45.00,78.00,45.00
134.69,90.79,116.38,96.84,101.94,98.80,99.00,90.02,108.78,89.06,72.00,45.00,78.00,45.00
134.69,90.79,116.38,96.84,101.94,98.80,99.00,90.02,108.78,89.06,72.00,45.00,78.00,45.00
134.69,90.79,116.38,96.84,101.94,98.80,99.00,90.02,108.78,89.06,72.00,45.00,78.00,45.00
134.69,90.79,116.38,96.84,101.94,98.80,99.00,90.02,108.78,89.06,72.00,45.00,78.00,45.00
134.69,90.79,116.38,96.84,101.94,98.80,99.00,90.02,108.78,89.06,72.00,45.00,78.00,45.00
134.69,90.79,116.38,96.84,101.94,98.80,99.00,90.02,108.78,89.06,72.00,45.00,78.00,45.00
134.69,90.79,116.38,96.84,101.94,98.80,99.00,90.02,108.78,89.06,72.00,45.00,78.00,45.00
134.69,90.84,116.38,96.84,101.94,98.80,99.00,90.02,108.78,89.06,72.00,45.00,78.00,45.00
134.69,90.84,116.34,96.84,101.94,98.80,99.00,90.02,108.78,89.06,72.00,45.00,78.00,45.00
134.69,90.84,116.34,96.84,101.94,98.80,99.00,90.02,108.78,89.06,72.00,45.00,78.00,45.00
134.69,90.84,116.34,96.84,101.94,98.80,99.00,90.02,108.78,89.06,72.00,45.00,78.00,45.00
134.69,90.84,116.34,96.84,101.94,98.80,99.00,90.02,108.78,89.06,72.00,45.00,78.00,45.00
134.69,90.84,116.34,96.84,101.94,98.80,99.00,90.02,108.78,89.06,72.00,45.00,78.00,45.00
134.69,90.84,116.34,96.84,101.94,98.80,99.00,90.02,108.78,89.06,72.00,45.00,78.00,45.00
134.69,90.84,116.34,96.84,101.94,98.80,99.00,90.02,108.78,89.06,72.00,45.00,78.00,45.00
134.69,90.84,116.34,96.84,101.94,98.80,99.00,90.02,108.78,89.06,72.00,45.00,78.00,45.00
134.69,90.89,116.34,96.84,101.94,98.80,99.00,90.02,108.78,89.06,72.00,45.00,78.00,45.00
134.69,90.89,116.30,96.84,101.94,98.80,99.00,90.02,108.78,89.06,72.00,45.00,78.00,45.00
134.69,90.89,116.30,96.84,101.94,98.80,99.00,90.02,108.78,89.06,72.00,45.00,78.00,45.00
134.69,90.89,116.30,96.84,101.94,98.80,99.00,90.02,108.78,89.06,72.00,45.00,78.00,45.00
134.69,90.94,116.26,96.84,101.94,98.80,99.00,90.02,108.78,89.06,72.00,45.00,78.00,45.00
134.69,90.94,116.26,96.84,101.94,98.80,99.00,90.02,108.78,89.06,72.00,45.00,78.00,45.00
134.69,90.94,116.26,96.84,101.94,98.80,99.00,90.02,108.78,89.06,72.00,45.00,78.00,45.00
134.69,90.99,116.22,96.84,101.94,98.80,99.00,90.02,108.78,89.06,72.00,45.00,78.00,45.00
134.69,90.99,116.22,96.84,101.94,98.80,99.00,90.02,108.78,89.06,72.00,45.00,78.00,45.00
134.69,90.99,116.22,96.84,101.94,98.80,99.00,90.02,108.78,89.06,72.00,45.00,78.00,45.00
134.69,90.99,116.22,96.84,101.94,98.80,99.00,90.02,108.78,89.06,72.00,45.00,78.00,45.00
134.69,90.99,116.22,96.84,101.94,98.80,99.00,90.02,108.78,89.06,72.00,45.00,78.00,45.00
134.69,90.99,116.22,96.84,101.94,98.80,99.00,90.02,108.78,89.06,72.00,45.00,78.00,45.00
134.69,90.99,116.22,96.84,101.94,98.80,99.00,90.02,108.78,89.06,72.00,45.00,78.00,45.00
134.69,90.99,116.22,96.84,101.94,98.80,99.00,90.02,108.78,89.06,72.00,45.00,78.00,45.00
134.69,90.99,116.22,96.84,101.94,98.80,99.00,90.02,108.78,89.06,72.00,45.00,78.00,45.00
134.69,90.99,116.22,96.84,101.94,98.80,99.00,90.02,108.78,89.06,72.00,45.00,78.00,45.00
134.69,90.99,116.22,96.84,101.94,98.80,99.00,90.02,108.78,89.06,72.00,45.00,78.00,45.00
134.69,90.99,116.22,96.84,101.94,98.80,99.00,90.02,108.78,89.06,72.00,45.00,78.00,45.00
134.69,90.99,116.22,96.84,101.94,98.80,99.00,90.02,108.78,89.06,72.00,45.00,78.00,45.00
134.69,90.99,116.22,96.84,101.94,98.80,99.00,90.02,108.78,89.06,72.00,45.00,78.00,45.00
134.69,91.04,116.18,96.84,101.94,98.80,99.00,90.02,108.78,89.06,72.00,45.00,78.00,45.00
134.69,91.04,116.18,96.84,101.94,98.80,99.00,90.02,108.78,89.06,72.00,45.00,78.00,45.00
134.69,91.04,116.18,96.84,101.94,98.80,99.00,90.02,108.78,89.06,72.00,45.00,78.00,45.00
134.69,91.04,116.18,96.84,101.94,98.80,99.00,90.02,108.78,89.06,72.00,45.00,78.00,45.00
134.69,91.04,116.18,96.84,101.94,98.80,99.00,90.02,108.78,89.06,72.00,45.00,78.00,45.00
134.69,91.04,116.18,96.84,101.94,98.80,99.00,90.02,108.78,89.06,72.00,45.00,78.00,45.00
134.69,91.04,116.18,96.84,101.94,98.80,99.00,90.02,108.78,89.06,72.00,45.00,78.00,45.00
134.69,91.04,116.18,96.84,101.94,98.80,99.00,90.02,108.78,89.06,72.00,45.00,78.00,45.00
134.69,91.04,116.18,96.84,101.94,98.80,99.00,90.02,108.78,89.06,72.00,45.00,78.00,45.00
134.69,91.04,116.18,96.84,101.94,98.80,99.00,90.02,108.78,89.06,72.00,45.00,78.00,45.00
134.69,91.04,116.18,96.84,101.94,98.80,99.00,90.02,108.78,89.06,72.00,45.00,78.00,45.00
134.69,91.04,116.18,96.84,101.94,98.80,99.00,90.02,108.78,89.06,72.00,45.00,78.00,45.00
134.69,91.04,116.18,96.84,101.94,98.80,99.00,90.02,108.78,89.06,72.00,45.00,78.00,45.00
134.69,91.04,116.18,96.84,101.94,98.80,99.00,90.02,108.78,89.06,72.00,45.00,78.00,45.00
134.69,91.04,116.18,96.84,101.94,98.80,99.00,90.02,108.78,89.06,72.00,45.00,78.00,45.00
134.69,91.04,116.18,96.84,101.94,98.80,99.00,90.02,108.78,89.06,72.00,45.00,78.00,45.00
134.69,91.04,116.18,96.84,101.94,98.80,99.00,90.02,108.78,89.06,72.00,45.00,78.00,45.00
134.69,91.04,116.18,96.84,101.94,98.80,99.00,90.02,108.78,89.06,72.00,45.00,78.00,45.00
134.69,91.04,116.18,96.84,101.94,98.80,99.00,90.02,108.78,89.06,72.00,45.00,78.00,45.00
134.69,91.09,116.18,96.84,101.94,98.80,99.00,90.02,108.78,89.06,72.00,45.00,78.00,45.00
134.69,91.09,116.14,96.84,101.94,98.80,99.00,90.02,108.78,89.06,72.00,45.00,78.00,45.00
134.69,91.09,116.14,96.84,101.94,98.80,99.00,90.02,108.78,89.06,72.00,45.00,78.00,45.00
134.69,91.09,116.14,96.84,101.94,98.80,99.00,90.02,108.78,89.06,72.00,45.00,78.00,45.00
134.69,91.14,116.14,96.84,101.94,98.80,99.00,90.02,108.78,89.06,72.00,45.00,78.00,45.00
134.69,91.14,116.10,96.84,101.94,98.80,99.00,90.02,108.78,89.06,72.00,45.00,78.00,45.00
134.69,91.14,116.10,96.84,101.94,98.80,99.00,90.02,108.78,89.06,72.00,45.00,78.00,45.00
134.69,91.14,116.10,96.84,101.94,98.80,99.00,90.02,108.78,89.06,72.00,45.00,78.00,45.00
134.69,91.14,116.10,96.84,101.94,98.80,99.00,90.02,108.78,89.06,72.00,45.00,78.00,45.00
134.69,91.14,116.10,96.84,101.94,98.80,99.00,90.02,108.78,89.06,72.00,45.00,78.00,45.00
134.69,91.14,116.10,96.84,101.94,98.80,99.00,90.02,108.78,89.06,72.00,45.00,78.00,45.00
134.69,91.19,116.10,96.84,101.94,98.80,99.00,90.02,108.78,89.06,72.00,45.00,78.00,45.00
134.69,91.19,116.10,96.84,101.94,98.80,99.00,90.02,108.78,89.06,72.00,45.00,78.00,45.00
134.69,91.19,116.06,96.84,101.94,98.80,99.00,90.02,108.78,89.06,72.00,45.00,78.00,45.00
134.69,91.19,116.06,96.84,101.94,98.80,99.00,90.02,108.78,89.06,72.00,45.00,78.00,45.00
134.69,91.19,116.06,96.84,101.94,98.80,99.00,90.02,108.78,89.06,72.00,45.00,78.00,45.00
134.69,91.19,116.06,96.84,101.94,98.80,99.00,90.02,108.78,89.06,72.00,45.00,78.00,45.00
134.69,91.19,116.06,96.84,101.94,98.80,99.00,90.02,108.78,89.06,72.00,45.00,78.00,45.00
134.69,91.24,116.06,96.84,101.94,98.80,99.00,90.02,108.78,89.06,72.00,45.00,78.00,45.00
134.69,91.24,116.06,96.84,101.94,98.80,99.00,90.02,108.78,89.06,72.00,45.00,78.00,45.00
134.69,91.24,116.02,96.84,101.94,98.80,99.00,90.02,108.78,89.06,72.00,45.00,78.00,45.00
134.69,91.24,116.02,96.84,101.94,98.80,99.00,90.02,108.78,89.06,72.00,45.00,78.00,45.00
134.69,91.24,116.02,96.84,101.94,98.80,99.00,90.02,108.78,89.06,72.00,45.00,78.00,45.00
134.69,91.24,116.02,96.84,101.94,98.80,99.00,90.02,108.78,89.06,72.00,45.00,78.00,45.00
134.69,91.24,116.02,96.84,101.94,98.80,99.00,90.02,108.78,89.06,72.00,45.00,78.00,45.00
134.69,91.24,116.02,96.84,101.94,98.80,99.00,90.02,108.78,89.06,72.00,45.00,78.00,45.00
134.69,91.24,116.02,96.84,101.94,98.80,99.00,90.02,108.78,89.06,72.00,45.00,78.00,45.00
134.69,91.24,116.02,96.84,101.94,98.80,99.00,90.02,108.78,89.06,72.00,45.00,78.00,45.00
134.69,91.29,116.02,96.84,101.94,98.80,99.00,90.02,108.78,89.06,72.00,45.00,78.00,45.00
134.69,91.29,116.02,96.84,101.94,98.80,99.00,90.02,108.78,89.06,72.00,45.00,78.00,45.00
134.69,91.29,115.97,96.84,101.94,98.80,99.00,90.02,108.78,89.06,72.00,45.00,78.00,45.00
134.69,91.29,115.97,96.84,101.94,98.80,99.00,90.02,108.78,89.06,72.00,45.00,78.00,45.00
134.69,91.29,115.97,96.84,101.94,98.80,99.00,90.02,108.78,89.06,72.00,45.00,78.00,45.00
134.69,91.29,115.97,96.84,101.94,98.80,99.00,90.02,108.78,89.06,72.00,45.00,78.00,45.00
134.69,91.34,115.97,96.84,101.94,98.80,99.00,90.02,108.78,89.06,72.00,45.00,78.00,45.00
134.69,91.25,116.04,96.84,101.94,98.80,99.00,90.02,108.78,89.06,72.00,45.00,78.00,45.00
134.69,83.94,122.09,96.84,101.94,98.80,92.38,90.02,108.78,89.06,72.00,45.00,78.00,45.00
134.69,65.55,137.40,96.84,101.94,98.80,74.30,90.02,108.78,89.06,72.00,45.00,78.00,45.00
134.69,52.41,148.34,96.84,101.94,98.80,61.30,90.02,108.78,89.06,72.00,45.00,78.00,45.00
134.69,45.99,153.69,96.84,101.94,98.80,54.93,90.02,108.78,89.06,72.00,45.00,78.00,45.00
134.69,45.99,153.69,96.84,101.94,98.80,54.93,90.02,108.78,89.06,72.00,45.00,78.00,45.00
134.69,56.95,144.59,96.90,101.94,98.26,65.88,90.02,108.78,89.06,72.00,45.00,78.00,45.00
134.69,66.71,136.44,96.90,101.94,98.34,75.67,90.02,108.78,89.06,72.00,45.00,78.00,45.00
134.69,74.87,129.63,96.95,101.94,98.41,83.85,90.02,108.78,89.06,72.00,45.00,78.00,45.00
134.69,80.38,125.03,97.00,101.99,98.48,89.38,90.02,108.78,89.06,72.00,45.00,78.00,45.00
134.69,82.32,123.42,97.04,102.03,98.54,91.31,90.02,108.78,89.06,72.00,45.00,78.00,45.00
134.69,84.08,121.95,97.04,102.03,98.59,93.07,90.02,108.78,89.06,72.00,45.00,78.00,45.00
134.69,85.64,120.65,97.04,102.03,98.64,94.63,90.02,108.78,89.06,72.00,45.00,78.00,45.00
134.69,86.99,119.53,96.99,101.99,98.69,95.98,90.02,108.78,89.06,72.00,45.00,78.00,45.00
134.69,87.96,118.72,96.99,101.99,98.73,96.95,90.02,108.78,89.06,72.00,45.00,78.00,45.00
134.69,88.65,118.14,96.94,101.99,98.77,97.65,90.02,108.78,89.06,72.00,45.00,78.00,45.00
134.69,88.83,117.99,96.90,101.94,98.80,97.83,90.02,108.78,89.06,72.00,45.00,78.00,45.00
134.69,89.00,117.85,96.90,101.94,98.80,97.99,90.02,108.78,89.06,72.00,45.00,78.00,45.00
134.69,89.14,117.73,96.90,101.94,98.80,98.14,90.02,108.78,89.06,72.00,45.00,78.00,45.00
134.69,89.27,117.62,96.90,101.94,98.80,98.27,90.02,108.78,89.06,72.00,45.00,78.00,45.00
134.69,89.39,117.52,96.90,101.94,98.80,98.39,90.02,108.78,89.06,72.00,45.00,78.00,45.00
134.69,89.50,117.44,96.90,101.94,98.80,98.49,90.02,108.78,89.06,72.00,45.00,78.00,45.00
134.69,89.59,117.36,96.85,101.94,98.80,98.59,90.02,108.78,89.06,72.00,45.00,78.00,45.00
134.69,89.68,117.28,96.85,101.94,98.80,98.68,90.02,108.78,89.06,72.00,45.00,78.00,45.00
134.69,89.76,117.22,96.85,101.94,98.80,98.75,90.02,108.78,89.06,72.00,45.00,78.00,45.00
134.69,89.84,117.15,96.85,101.94,98.80,98.82,90.02,108.78,89.06,72.00,45.00,78.00,45.00
134.69,89.92,117.08,96.85,101.94,98.80,98.89,90.02,108.78,89.06,72.00,45.00,78.00,45.00
134.69,90.00,117.02,96.85,101.94,98.80,98.94,90.02,108.78,89.06,72.00,45.00,78.00,45.00
134.69,90.08,116.95,96.85,101.94,98.80,98.99,90.02,108.78,89.06,72.00,45.00,78.00,45.00
134.69,90.16,116.89,96.85,101.94,98.80,98.99,90.02,108.78,89.06,72.00,45.00,78.00,45.00
134.69,90.23,116.83,96.85,101.94,98.80,98.99,90.02,108.78,89.06,72.00,45.00,78.00,45.00
134.69,90.30,116.77,96.85,101.94,98.80,98.99,90.02,108.78,89.06,72.00,45.00,78.00,45.00
134.69,90.37,116.72,96.85,101.94,98.80,98.99,90.02,108.78,89.06,72.00,45.00,78.00,45.00
134.69,90.44,116.66,96.85,101.94,98.80,98.99,90.02,108.78,89.06,72.00,45.00,78.00,45.00
134.69,90.51,116.61,96.85,101.94,98.80,98.99,90.02,108.78,89.06,72.00,45.00,78.00,45.00
134.69,90.57,116.56,96.85,101.94,98.80,98.99,90.02,108.78,89.06,72.00,45.00,78.00,45.00
134.69,90.63,116.51,96.85,101.94,98.80,98.99,90.02,108.78,89.06,72.00,45.00,78.00,45.00
134.69,90.69,116.46,96.85,101.94,98.80,98.99,90.02,108.78,89.06,72.00,45.00,78.00,45.00
134.69,90.75,116.42,96.85,101.94,98.80,98.99,90.02,108.78,89.06,72.00,45.00,78.00,45.00
134.69,90.80,116.37,96.85,101.94,98.80,98.99,90.02,108.78,89.06,72.00,45.00,78.00,45.00
134.69,90.85,116.33,96.85,101.94,98.80,98.99,90.02,108.78,89.06,72.00,45.00,78.00,45.00
134.69,90.85,116.33,96.85,101.94,98.80,98.99,90.02,108.78,89.06,72.00,45.00,78.00,45.00
134.69,90.91,116.29,96.85,101.94,98.80,98.99,90.02,108.78,89.06,72.00,45.00,78.00,45.00
134.69,90.96,116.25,96.85,101.94,98.80,98.99,90.02,108.78,89.06,72.00,45.00,78.00,45.00
134.69,90.96,116.25,96.85,101.94,98.80,98.99,90.02,108.78,89.06,72.00,45.00,78.00,45.00
134.69,91.01,116.21,96.85,101.94,98.80,98.99,90.02,108.78,89.06,72.00,45.00,78.00,45.00
134.69,91.06,116.21,96.85,101.94,98.80,98.99,90.02,108.78,89.06,72.00,45.00,78.00,45.00
134.69,91.06,116.17,96.85,101.94,98.80,98.99,90.02,108.78,89.06,72.00,45.00,78.00,45.00
134.69,91.11,116.17,96.85,101.94,98.80,98.99,90.02,108.78,89.06,72.00,45.00,78.00,45.00
134.69,91.11,116.12,96.77,101.85,98.80,98.99,90.02,108.78,89.06,72.00,45.00,78.00,45.00
134.69,91.11,116.12,95.86,100.02,98.80,98.99,90.02,108.78,89.06,72.00,45.00,78.00,45.00
134.69,91.11,116.12,93.89,95.48,98.80,98.99,90.02,108.78,89.06,72.00,45.00,78.00,45.00
134.69,91.11,116.12,91.99,93.97,98.80,98.99,90.02,108.78,89.06,72.00,45.00,78.00,45.00
134.69,91.11,116.12,90.49,92.74,98.80,98.99,90.02,108.78,89.06,72.00,45.00,78.00,45.00
134.69,91.11,116.12,89.38,91.84,98.80,98.99,90.02,108.78,89.06,72.00,45.00,78.00,45.00
134.69,91.11,116.12,88.50,91.11,98.80,98.99,90.02,108.78,89.06,72.00,45.00,78.00,45.00
134.69,91.11,116.12,87.79,90.51,98.80,98.99,90.02,108.78,89.06,72.00,45.00,78.00,45.00
134.69,91.11,116.12,87.63,90.38,98.80,98.99,90.02,108.78,89.06,72.00,45.00,78.00,45.00
134.69,91.11,116.12,87.13,90.22,98.80,98.99,90.02,108.78,89.06,72.00,45.00,78.00,45.00
134.69,91.11,116.12,87.04,90.12,98.80,98.99,90.02,108.78,89.06,72.00,45.00,78.00,45.00
134.69,91.11,116.12,86.95,90.02,98.80,98.99,90.02,108.78,89.06,72.00,45.00,78.00,45.00
134.69,91.11,116.12,86.87,89.93,98.80,98.99,90.02,108.78,89.06,72.00,45.00,78.00,45.00
134.69,91.11,116.12,86.80,89.86,98.80,98.99,90.02,108.78,89.06,72.00,45.00,78.00,45.00
134.69,91.11,116.12,86.74,89.79,98.80,98.99,90.02,108.78,89.06,72.00,45.00,78.00,45.00
134.69,91.11,116.12,86.68,89.73,98.80,98.99,90.02,108.78,89.06,72.00,45.00,78.00,45.00
134.69,91.11,116.12,86.63,89.67,98.80,98.99,90.02,108.78,89.06,72.00,45.00,78.00,45.00
134.69,91.11,116.12,86.59,89.62,98.80,98.99,90.02,108.78,89.06,72.00,45.00,78.00,45.00
134.69,91.11,116.12,86.53,89.56,98.80,98.99,90.02,108.78,89.06,72.00,45.00,78.00,45.00
134.69,91.11,116.12,85.81,88.83,98.80,98.99,90.02,108.78,89.06,72.00,45.00,78.00,45.00
134.69,91.11,116.12,84.86,87.89,98.80,98.99,90.02,108.78,89.06,72.00,45.00,78.00,45.00
134.69,91.11,116.12,83.89,86.92,98.80,98.99,90.02,108.78,89.06,72.00,45.00,78.00,45.00
134.69,91.11,116.12,83.00,86.03,98.80,98.99,90.02,108.78,89.06,72.00,45.00,78.00,45.00
134.69,91.11,116.12,82.36,85.40,98.80,98.99,90.02,108.78,89.06,72.00,45.00,78.00,45.00
134.69,91.11,116.12,81.80,84.84,98.80,98.99,90.02,108.78,89.06,72.00,45.00,78.00,45.00
134.69,91.11,116.12,81.65,84.69,98.80,98.99,90.02,108.78,89.06,72.00,45.00,78.00,45.00
134.69,91.11,116.12,81.54,84.58,98.80,98.99,90.02,108.78,89.06,72.00,45.00,78.00,45.00
134.69,91.11,116.12,81.42,84.47,98.80,98.99,90.02,108.78,89.06,72.00,45.00,78.00,45.00
134.69,91.11,116.12,81.33,84.37,98.80,98.99,90.02,108.78,89.06,72.00,45.00,78.00,45.00
134.69,91.11,116.12,81.23,84.28,98.80,98.99,90.02,108.78,89.06,72.00,45.00,78.00,45.00
134.69,91.11,116.12,81.15,84.20,98.80,98.99,90.02,108.78,89.06,72.00,45.00,78.00,45.00
134.69,91.11,116.12,81.06,84.10,98.80,98.99,90.02,108.78,89.06,72.00,45.00,78.00,45.00
134.69,91.11,116.12,80.98,84.02,98.80,98.99,90.02,108.78,89.06,72.00,45.00,78.00,45.00
134.69,91.11,116.12,80.92,83.97,98.80,98.99,90.02,108.78,89.06,72.00,45.00,78.00,45.00
134.69,91.11,116.12,80.92,83.97,98.80,98.99,90.02,108.78,89.06,72.00,45.00,78.00,45.00
134.69,91.11,116.12,80.92,83.97,98.80,98.99,90.02,108.78,89.06,72.00,45.00,78.00,45.00
134.69,91.16,116.08,80.92,83.97,98.80,98.99,90.02,108.78,89.06,72.00,45.00,78.00,45.00
134.69,91.22,116.04,80.92,83.97,98.80,98.99,90.02,108.78,89.06,72.00,45.00,78.00,45.00
134.69,91.29,115.99,80.92,83.97,98.80,98.99,90.02,108.78,89.06,72.00,45.00,78.00,45.00
134.69,91.36,115.93,80.92,83.97,98.80,98.99,90.02,108.78,89.06,72.00,45.00,78.00,45.00
134.69,91.43,115.87,80.92,83.97,98.80,98.99,90.02,108.78,89.06,72.00,45.00,78.00,45.00
134.69,91.51,115.81,80.92,83.97,98.80,98.99,90.02,108.78,89.06,72.00,45.00,78.00,45.00
134.69,91.58,115.76,80.92,83.97,98.80,98.99,90.02,108.78,89.06,72.00,45.00,78.00,45.00
134.69,91.64,115.70,82.36,85.39,98.80,98.99,90.02,108.78,89.06,72.00,45.00,78.00,45.00
