72.00,90.45,116.64,103.91,108.80,99.09,99.45,89.55,108.09,89.73,72.53,45.00,78.00,45.00
72.00,90.45,116.64,103.91,108.80,99.09,99.45,89.55,108.09,89.73,72.53,45.00,78.00,45.00
72.00,90.45,116.64,103.91,108.80,99.09,99.45,89.55,108.09,89.73,72.53,45.00,78.00,45.00
72.00,90.45,116.64,103.91,108.80,99.09,99.45,89.55,108.09,89.73,72.53,45.00,78.00,45.00
72.00,90.45,116.64,103.91,108.80,99.09,99.45,89.55,108.09,89.73,72.53,45.00,78.00,45.00
72.00,90.45,116.64,103.86,108.80,99.09,99.45,89.55,108.09,89.73,72.53,45.00,78.00,45.00
72.00,90.45,116.64,103.79,108.73,99.09,99.45,89.55,108.09,89.73,72.53,45.00,78.00,45.00
72.00,90.45,116.64,103.72,108.65,99.09,99.45,89.55,108.09,89.73,72.53,45.00,78.00,45.00
72.00,90.45,116.64,103.63,108.56,99.09,99.45,89.55,108.09,89.73,72.53,45.00,78.00,45.00
72.00,90.45,116.64,103.54,108.47,99.09,99.45,89.55,108.09,89.73,72.53,45.00,78.00,45.00
72.00,90.45,116.64,103.44,108.37,99.09,99.45,89.55,108.09,89.73,72.53,45.00,78.00,45.00
72.00,90.45,116.64,103.34,108.27,99.09,99.45,89.55,108.09,89.73,72.53,45.00,78.00,45.00
72.00,90.45,116.64,103.23,108.17,99.09,99.45,89.55,108.09,89.73,72.53,45.00,78.00,45.00
72.00,90.45,116.64,103.10,108.04,99.09,99.45,89.55,108.09,89.73,72.53,45.00,78.00,45.00
72.00,90.45,116.64,102.97,107.90,99.09,99.45,89.55,108.09,89.73,72.53,45.00,78.00,45.00
72.00,90.45,116.64,102.82,107.76,99.09,99.45,89.55,108.09,89.73,72.53,45.00,78.00,45.00
72.00,90.45,116.64,102.66,107.60,99.09,99.45,89.55,108.09,89.73,72.53,45.00,78.00,45.00
72.00,90.45,116.64,102.14,107.09,99.09,99.45,89.55,108.09,89.73,72.51,45.00,78.00,45.00
72.00,90.45,116.64,101.60,106.56,99.09,99.45,89.55,108.09,89.73,72.51,45.00,78.00,45.00
72.00,90.45,116.64,101.46,106.42,99.09,99.45,89.55,108.09,89.73,72.49,45.00,78.00,45.00
72.00,90.45,116.64,100.98,105.95,99.09,99.45,89.55,108.09,89.73,72.46,45.00,78.00,45.00
72.00,90.45,116.64,100.84,105.82,99.09,99.45,89.55,108.09,89.73,72.44,45.00,78.00,45.00
72.00,90.45,116.64,100.69,105.67,99.09,99.45,89.55,108.09,89.73,72.42,45.00,78.00,45.00
72.00,90.45,116.64,100.54,105.53,99.09,99.45,89.55,108.09,89.73,72.39,45.00,78.00,45.00
72.00,90.45,116.64,99.89,104.89,99.09,99.45,89.55,108.09,89.73,72.39,45.00,78.00,45.00
72.00,90.45,116.64,98.15,102.86,99.09,99.45,89.55,108.09,89.73,72.39,45.00,78.00,45.00
72.00,90.45,116.64,95.98,97.59,99.09,99.45,89.55,108.09,89.73,72.39,45.00,78.00,45.00
72.00,90.45,116.64,90.40,92.77,99.09,99.45,89.55,108.09,89.73,72.39,45.00,78.00,45.00
72.00,90.45,116.64,85.47,88.22,99.09,99.45,89.55,108.09,89.73,72.39,45.00,78.00,45.00
72.00,90.45,116.64,84.17,87.01,99.09,99.45,89.55,108.09,89.73,72.39,45.00,78.00,45.00
72.00,90.45,116.64,83.08,85.97,99.09,99.45,89.55,108.09,89.73,72.39,45.00,78.00,45.00
72.00,90.45,116.64,82.09,85.04,99.09,99.45,89.55,108.09,89.73,72.39,45.00,78.00,45.00
72.00,90.45,116.64,81.35,84.33,99.09,99.45,89.55,108.09,89.73,72.39,45.00,78.00,45.00
72.00,90.45,116.64,81.19,84.18,99.09,99.45,89.55,108.09,89.73,72.39,45.00,78.00,45.00
72.00,90.45,116.64,81.05,84.05,99.09,99.45,89.55,108.09,89.73,72.39,45.00,78.00,45.00
72.00,90.45,116.64,80.94,83.94,99.09,99.45,89.55,108.09,89.73,72.39,45.00,78.00,45.00
72.00,90.45,116.64,80.82,83.83,99.14,99.45,89.55,108.09,89.73,72.39,45.00,78.00,45.00
72.00,90.45,116.64,80.70,83.72,99.56,99.45,89.55,108.09,89.73,72.39,45.00,78.00,45.00
72.00,90.55,116.56,80.59,83.61,100.33,99.45,89.55,108.09,89.73,72.39,45.00,78.00,45.00
72.00,90.68,116.46,80.50,83.53,101.30,99.45,89.55,108.09,89.73,72.42,45.00,78.00,45.00
72.00,90.83,116.34,80.41,83.45,102.20,99.45,89.55,108.09,89.73,72.44,45.00,78.00,45.00
72.00,90.99,116.20,80.33,83.37,102.97,99.45,89.55,108.09,89.73,72.46,45.00,78.00,45.00
72.00,91.16,116.07,80.26,83.30,103.65,99.45,89.55,108.09,89.73,72.46,45.00,78.00,45.00
72.00,91.33,115.94,80.19,83.23,104.11,99.45,89.55,108.09,89.73,72.49,45.00,78.00,45.00
72.00,91.48,115.81,80.12,83.17,104.23,99.45,89.55,108.09,89.73,72.51,45.00,78.00,45.00
72.00,91.63,115.69,80.07,83.11,104.34,99.45,89.55,108.09,89.73,72.51,45.00,78.00,45.00
72.00,91.77,115.58,80.02,83.07,104.44,99.45,89.55,108.09,89.73,72.53,45.00,78.00,45.00
72.00,91.90,115.48,79.97,83.03,104.53,99.45,89.55,108.09,89.73,72.53,45.00,78.00,45.00
72.00,92.02,115.38,79.97,83.03,104.64,99.45,89.55,108.09,89.73,72.56,45.00,78.00,45.00
72.00,92.13,115.29,80.02,83.07,104.75,99.45,89.55,108.09,89.73,72.56,45.00,78.00,45.00
72.00,92.23,115.22,80.13,83.18,105.12,99.45,89.55,108.09,89.73,72.58,45.00,78.00,45.00
72.00,92.32,115.14,80.26,83.31,105.48,99.45,89.55,108.09,89.73,72.58,45.00,78.00,45.00
72.00,92.41,115.07,80.41,83.46,105.59,99.45,89.55,108.09,89.73,72.60,45.00,78.00,45.00
72.00,92.48,115.01,80.57,83.61,105.72,99.45,89.55,108.09,89.73,72.60,45.00,78.00,45.00
72.00,92.55,114.95,80.71,83.76,105.84,99.45,89.55,108.09,89.73,72.60,45.00,78.00,45.00
72.00,92.62,114.90,80.85,83.90,106.19,99.45,89.55,108.09,89.73,72.60,45.00,78.00,45.00
72.00,92.69,114.85,80.99,84.03,106.31,99.45,89.55,108.09,89.73,72.60,45.00,78.00,45.00
72.00,92.77,114.78,81.10,84.15,106.43,99.45,89.55,108.09,89.73,72.62,45.00,78.00,45.00
72.00,92.85,114.72,81.22,84.26,106.55,99.45,89.55,108.09,89.73,72.65,45.00,78.00,45.00
72.00,92.95,114.64,81.31,84.35,106.66,99.45,89.55,108.09,89.73,72.67,45.00,78.00,45.00
72.00,93.09,114.53,81.39,84.43,107.05,99.45,89.55,108.09,89.73,72.70,45.00,78.00,45.00
72.00,93.27,114.38,81.45,84.49,107.43,99.45,89.55,108.09,89.73,72.74,45.00,78.00,45.00
72.00,93.86,113.91,81.45,84.49,107.52,99.45,89.55,108.09,89.73,72.79,45.00,78.00,45.00
72.00,94.04,113.76,81.45,84.49,107.59,99.45,89.55,108.09,89.73,72.86,45.00,78.00,45.00
72.00,94.22,113.62,81.45,84.49,107.59,99.45,89.55,108.09,89.73,72.94,45.00,78.00,45.00
72.00,94.27,113.62,85.92,86.74,103.78,99.45,89.55,108.09,89.73,73.03,45.00,78.00,45.00
72.00,94.15,113.71,88.10,92.63,102.47,99.45,89.55,108.09,89.73,73.10,45.00,78.00,45.00
72.00,93.47,114.25,93.22,98.06,101.52,99.45,89.55,108.09,89.73,73.17,45.00,78.00,45.00
72.00,92.79,114.79,94.71,99.62,100.84,99.45,89.55,108.09,89.73,73.24,45.00,78.00,45.00
72.00,92.18,115.27,95.68,100.64,100.35,99.45,89.55,108.09,89.73,73.67,45.00,78.00,45.00
72.00,92.01,115.40,96.40,101.40,100.00,99.45,89.55,108.09,89.73,74.13,45.00,78.00,45.00
72.00,91.85,115.53,96.88,101.91,99.91,99.45,89.55,108.09,89.73,74.61,45.00,78.00,45.00
72.00,91.71,115.64,96.99,102.03,99.83,99.45,89.55,108.09,89.73,75.06,45.00,78.00,45.00
72.00,91.59,115.74,97.08,102.12,99.75,99.45,89.55,108.09,89.73,75.45,45.00,78.00,45.00
72.00,91.47,115.83,97.14,102.19,99.69,99.45,89.55,108.09,89.73,75.78,45.00,78.00,45.00
72.00,91.37,115.91,97.18,102.24,99.63,99.45,89.55,108.09,89.73,76.07,45.00,78.00,45.00
72.00,91.28,115.98,97.23,102.29,99.57,99.45,89.55,108.09,89.73,76.32,45.00,78.00,45.00
72.00,91.20,116.05,97.23,102.29,99.52,99.45,89.55,108.09,89.73,76.39,45.00,78.00,45.00
72.00,91.12,116.11,97.23,102.29,99.48,99.45,89.55,108.09,89.73,76.47,45.00,78.00,45.00
72.00,91.05,116.16,97.23,102.29,99.44,99.45,89.55,108.09,89.73,76.56,45.00,78.00,45.00
72.00,90.99,116.21,97.23,102.29,99.41,99.45,89.55,108.09,89.73,76.84,45.00,78.00,45.00
72.00,90.94,116.25,97.17,102.24,99.38,99.45,89.55,108.09,89.73,77.13,45.00,78.00,45.00
72.00,90.94,116.25,97.10,102.18,99.38,99.45,89.55,108.09,89.73,77.45,45.00,78.00,45.00
72.00,90.94,116.25,97.03,102.12,99.38,99.45,89.55,108.09,89.73,77.85,45.00,78.00,45.00
72.00,90.94,116.25,96.94,102.04,99.38,99.45,89.55,108.09,89.73,78.32,45.00,78.00,45.00
72.00,90.94,116.25,96.85,101.95,99.38,99.45,89.63,108.09,89.64,78.88,45.00,78.00,45.00
72.00,90.99,116.21,96.74,101.85,99.38,99.45,89.76,108.09,89.49,79.43,45.00,78.00,45.00
72.00,91.09,116.13,96.63,101.75,99.38,99.45,89.91,108.09,89.31,80.03,45.00,78.00,45.00
72.00,91.23,116.02,96.53,101.65,99.38,99.45,90.07,108.09,89.13,80.63,45.00,78.00,45.00
72.00,91.41,115.87,96.43,101.55,99.38,99.45,90.22,108.09,88.96,81.18,45.00,78.00,45.00
72.00,91.60,115.72,96.33,101.46,99.38,99.45,90.37,108.09,88.79,81.68,45.00,78.00,45.00
72.00,92.21,115.23,96.22,101.36,99.38,99.39,90.54,108.09,88.59,82.22,45.00,78.00,45.00
72.00,92.83,114.74,96.12,101.26,99.38,99.33,90.70,108.19,88.41,82.77,45.00,78.00,45.00
72.00,93.61,114.12,96.02,101.16,99.38,99.25,90.85,108.29,88.23,83.29,45.00,78.00,45.00
72.00,94.39,113.48,95.93,101.07,99.38,99.18,91.00,108.40,88.06,83.74,45.00,78.00,45.00
72.00,95.10,112.92,95.83,100.98,99.38,99.10,91.13,108.51,87.91,84.14,45.00,78.00,45.00
72.00,95.73,112.41,95.74,100.89,99.38,99.01,91.27,108.63,87.74,84.51,45.00,78.00,45.00
72.00,96.42,111.86,95.66,100.82,99.38,98.87,91.46,108.82,87.53,84.86,45.00,78.00,45.00
72.00,97.21,111.23,95.59,100.74,99.38,98.72,91.65,109.01,87.31,85.17,45.00,78.00,45.00
72.00,98.12,110.50,95.51,100.67,99.38,98.58,91.85,109.21,87.09,85.26,45.00,78.00,45.00
72.00,99.23,109.61,95.44,100.60,99.38,98.42,92.45,109.42,86.84,85.34,45.00,78.00,45.00
72.00,100.58,108.53,95.37,100.53,99.38,98.24,93.06,109.66,86.54,85.42,45.00,78.00,45.00
72.00,101.86,107.51,95.30,100.47,99.38,98.05,93.25,109.91,86.24,85.49,45.00,78.00,45.00
72.00,103.04,106.57,95.23,100.40,99.38,97.49,93.86,110.18,85.32,85.55,45.00,78.00,45.00
72.00,104.01,105.79,95.18,100.35,99.38,97.33,94.03,110.44,85.06,85.61,45.00,78.00,45.00
72.00,104.74,105.21,95.12,100.30,99.38,97.18,94.20,110.69,84.82,85.66,45.00,78.00,45.00
72.00,104.93,105.05,95.07,100.25,99.38,97.03,94.36,110.92,84.59,85.71,45.00,78.00,45.00
72.00,105.12,104.91,95.02,100.20,99.38,96.90,94.51,111.13,84.37,85.75,45.00,78.00,45.00
72.00,105.27,104.78,94.98,100.16,99.38,96.77,94.65,111.33,84.18,85.79,45.00,78.00,45.00
72.00,105.42,104.67,94.93,100.16,99.38,96.65,94.78,111.52,84.00,85.82,45.00,78.00,45.00
72.00,105.54,104.56,94.93,100.11,99.38,96.54,94.90,111.69,83.83,85.85,45.00,78.00,45.00
72.00,105.66,104.47,94.89,100.11,99.38,96.42,95.03,111.87,83.66,85.85,45.00,78.00,45.00
72.00,105.76,104.39,94.89,100.11,99.38,96.31,95.14,112.04,83.50,85.85,45.00,78.00,45.00
72.00,105.84,104.33,94.89,100.07,99.38,96.21,95.25,112.19,83.35,85.85,45.00,78.00,45.00
72.00,105.84,104.33,94.85,100.07,99.38,96.12,95.35,112.33,83.22,85.85,45.00,78.00,45.00
72.00,105.84,104.33,94.81,100.03,99.38,96.03,95.44,112.46,83.10,85.83,45.00,78.00,45.00
72.00,105.84,104.33,94.81,100.03,99.38,95.96,95.53,112.58,82.99,85.80,45.00,78.00,45.00
72.00,105.26,104.79,94.81,99.99,99.38,95.89,95.59,112.68,82.90,85.77,45.00,78.00,45.00
72.00,103.28,106.37,94.77,99.95,99.38,95.89,95.53,112.68,82.90,85.70,45.00,78.00,45.00
72.00,90.93,116.43,94.71,99.89,99.38,93.27,95.44,112.68,82.99,85.34,45.00,78.00,45.00
72.00,79.57,125.79,94.71,99.89,95.61,83.97,95.34,112.68,83.10,84.79,45.00,78.00,45.00
72.00,73.41,130.87,94.71,99.89,94.35,81.43,95.23,112.55,83.22,84.31,45.00,78.00,45.00
72.00,72.06,131.98,94.71,99.89,93.46,80.01,94.63,112.26,83.47,83.91,45.00,78.00,45.00
72.00,72.16,131.90,94.71,99.85,93.36,80.07,94.48,112.03,83.69,83.61,45.00,78.00,45.00
72.00,73.47,130.80,94.64,99.78,93.36,81.26,94.33,111.84,83.89,83.55,45.00,78.00,45.00
72.00,75.12,129.42,94.57,99.72,93.75,82.81,94.20,111.67,84.07,83.51,45.00,78.00,45.00
72.00,77.11,127.76,94.51,99.66,94.36,84.72,94.09,111.52,84.24,83.51,45.00,78.00,45.00
72.00,78.91,126.26,94.45,99.61,95.09,86.46,93.98,111.39,84.39,83.51,45.00,78.00,45.00
72.00,80.56,124.89,94.40,99.55,95.89,88.07,93.88,111.27,84.53,83.51,45.00,78.00,45.00
72.00,81.96,123.72,94.35,99.51,96.60,89.43,93.79,111.17,84.65,83.54,45.00,78.00,45.00
72.00,83.30,122.60,94.30,99.47,97.25,90.67,93.73,111.17,84.74,83.57,45.00,78.00,45.00
72.00,84.46,121.63,94.25,99.42,97.76,91.73,93.67,111.17,84.82,83.60,45.00,78.00,45.00
72.00,85.49,120.78,94.19,99.36,98.13,92.67,93.67,111.17,84.82,83.62,45.00,78.00,45.00
72.00,86.39,120.03,94.14,99.32,98.23,93.51,93.67,111.17,84.82,83.65,45.00,78.00,45.00
72.00,87.19,119.36,94.10,99.27,98.31,94.25,93.67,111.17,84.82,83.68,45.00,78.00,45.00
72.00,87.90,118.76,94.06,99.23,98.39,94.92,93.67,111.17,84.82,83.70,45.00,78.00,45.00
72.00,88.62,118.17,94.06,99.19,98.46,95.59,93.67,111.17,84.82,83.70,45.00,78.00,45.00
72.00,88.80,118.02,94.06,99.15,98.52,95.76,93.67,111.17,84.82,83.70,45.00,78.00,45.00
72.00,88.97,117.88,94.06,99.10,98.58,95.90,93.67,111.17,84.82,83.72,45.00,78.00,45.00
72.00,89.11,117.75,94.06,99.06,98.63,96.01,93.67,111.17,84.82,83.72,45.00,78.00,45.00
72.00,89.25,117.64,94.06,99.02,98.68,96.11,93.67,111.17,84.82,83.72,45.00,78.00,45.00
72.00,89.37,117.54,94.06,98.98,98.72,96.20,93.67,111.17,84.82,83.72,45.00,78.00,45.00
72.00,89.48,117.45,94.06,98.98,98.76,96.27,93.67,111.17,84.82,83.72,45.00,78.00,45.00
72.00,89.54,117.40,94.06,98.98,98.79,96.27,93.67,111.17,84.82,83.72,45.00,78.00,45.00
72.00,83.86,122.13,94.06,98.98,98.32,90.44,93.67,111.17,84.82,83.72,45.00,78.00,45.00
72.00,72.75,131.38,94.06,99.03,92.90,79.39,93.67,111.17,84.82,83.37,45.00,78.00,45.00
72.00,56.61,144.85,94.06,99.03,92.49,64.19,93.03,110.94,85.10,83.03,45.00,78.00,45.00
72.00,46.15,153.56,94.06,99.03,96.12,54.42,92.47,110.67,85.40,82.74,45.00,78.00,45.00
72.00,43.78,155.52,94.06,99.03,96.95,52.26,92.32,110.42,85.66,82.65,45.00,78.00,45.00
72.00,42.00,157.00,94.06,99.03,97.55,50.63,92.19,110.18,85.91,82.57,45.00,78.00,45.00
72.00,41.81,157.16,94.06,99.03,97.51,50.47,92.06,109.97,86.13,82.49,45.00,78.00,45.00
72.00,50.04,150.51,94.06,99.03,90.75,58.65,91.94,109.79,86.34,82.41,45.00,78.00,45.00
72.00,58.61,143.32,94.06,99.03,89.78,67.36,91.83,109.62,86.53,82.34,45.00,78.00,45.00
72.00,64.38,138.46,94.06,99.03,89.78,73.22,91.75,109.46,86.68,82.28,45.00,78.00,45.00
72.00,69.91,133.80,94.06,99.03,90.36,78.83,91.67,109.33,86.82,82.22,45.00,78.00,45.00
72.00,71.96,132.09,94.06,99.03,91.28,80.90,91.61,109.20,86.94,82.16,45.00,78.00,45.00
72.00,73.92,130.44,94.06,99.03,92.35,82.88,91.55,109.09,87.05,82.11,45.00,78.00,45.00
72.00,76.34,128.42,94.06,99.03,93.54,85.31,91.49,108.99,87.15,82.07,45.00,78.00,45.00
72.00,78.41,126.69,94.06,99.03,94.67,87.38,91.43,108.90,87.26,82.02,45.00,78.00,45.00
72.00,80.09,125.29,94.06,99.03,95.71,89.07,91.37,108.82,87.36,81.98,45.00,78.00,45.00
72.00,81.54,124.08,94.06,99.03,96.65,90.52,91.31,108.82,87.45,81.94,45.00,78.00,45.00
72.00,82.82,123.01,94.06,99.03,97.34,91.81,91.26,108.82,87.54,81.91,45.00,78.00,45.00
72.00,83.99,122.03,94.06,99.03,97.83,92.97,91.26,108.82,87.54,81.87,45.00,78.00,45.00
72.00,85.18,121.04,94.06,99.03,98.18,94.17,91.26,108.82,87.54,81.84,45.00,78.00,45.00
72.00,86.26,120.14,94.06,99.03,98.27,95.25,91.26,108.82,87.54,81.80,45.00,78.00,45.00
72.00,87.44,119.16,94.06,99.03,98.35,96.43,91.26,108.82,87.54,81.76,45.00,78.00,45.00
72.00,88.28,118.45,94.06,99.03,98.43,97.25,91.26,108.82,87.54,81.73,45.00,78.00,45.00
72.00,88.89,117.95,94.06,99.03,98.49,97.82,91.26,108.82,87.54,81.70,45.00,78.00,45.00
72.00,89.04,117.82,94.06,99.03,98.55,97.96,91.26,108.82,87.54,81.66,45.00,78.00,45.00
72.00,89.21,117.67,94.06,99.03,98.61,98.08,91.26,108.82,87.54,81.63,45.00,78.00,45.00
72.00,89.92,117.10,94.06,99.03,98.66,98.19,91.26,108.82,87.54,81.59,45.00,78.00,45.00
72.00,90.60,116.55,94.06,99.03,98.70,98.29,91.26,108.82,87.54,81.55,45.00,78.00,45.00
72.00,91.42,115.89,94.06,99.03,98.74,98.37,91.26,108.82,87.54,81.51,45.00,78.00,45.00
72.00,92.27,115.20,94.06,99.03,98.77,98.44,91.32,108.82,87.54,81.46,45.00,78.00,45.00
72.00,93.24,114.42,94.06,99.03,98.80,98.50,91.38,108.82,87.54,81.42,45.00,78.00,45.00
72.00,94.13,113.70,94.06,99.03,98.80,98.55,91.44,108.82,87.54,81.38,45.00,78.00,45.00
72.00,94.97,113.03,94.06,99.03,98.80,98.55,91.51,108.82,87.46,81.33,45.00,78.00,45.00
72.00,95.74,112.42,94.06,99.03,98.80,98.55,91.62,108.82,87.33,81.29,45.00,78.00,45.00
72.00,96.44,111.86,94.06,99.03,98.80,98.55,91.76,108.92,87.17,81.25,45.00,78.00,45.00
72.00,97.04,111.37,94.06,99.03,98.80,98.48,91.90,109.04,87.01,81.22,45.00,78.00,45.00
72.00,97.22,111.23,94.06,99.03,98.80,98.41,92.04,109.16,86.85,81.19,45.00,78.00,45.00
72.00,97.39,111.09,94.06,99.03,98.80,98.32,92.20,109.31,86.67,81.16,45.00,78.00,45.00
72.00,97.56,110.96,94.06,99.03,98.80,98.22,92.36,109.48,86.49,81.13,45.00,78.00,45.00
72.00,97.71,110.83,94.06,99.03,98.80,98.11,92.51,109.64,86.31,81.13,45.00,78.00,45.00
72.00,97.87,110.71,94.06,99.03,98.80,98.01,92.66,109.80,86.14,81.13,45.00,78.00,45.00
72.00,98.03,110.58,94.06,99.03,98.80,97.91,92.79,109.95,85.99,81.13,45.00,78.00,45.00
72.00,98.18,110.46,94.06,99.03,98.80,97.82,92.92,110.09,85.84,81.13,45.00,78.00,45.00
72.00,98.33,110.34,94.06,99.03,98.80,97.73,93.03,110.22,85.71,81.13,45.00,78.00,45.00
72.00,98.47,110.23,94.06,99.03,98.80,97.65,93.14,110.34,85.59,81.13,45.00,78.00,45.00
72.00,98.59,110.13,94.06,99.03,98.80,97.57,93.24,110.45,85.48,81.13,45.00,78.00,45.00
72.00,98.71,110.04,94.06,99.03,98.80,97.50,93.32,110.56,85.38,81.13,45.00,78.00,45.00
72.00,98.82,109.95,94.06,99.03,98.80,97.43,93.40,110.66,85.29,81.13,45.00,78.00,45.00
72.00,98.94,109.85,94.06,99.03,98.80,97.37,93.47,110.75,85.21,81.13,45.00,78.00,45.00
72.00,99.07,109.75,94.06,99.03,98.80,97.32,93.54,110.83,85.21,81.13,45.00,78.00,45.00
72.00,99.19,109.65,94.06,99.03,98.80,97.32,93.54,110.83,85.21,81.13,45.00,78.00,45.00
72.00,99.31,109.56,94.06,99.03,98.80,97.32,93.54,110.83,85.21,81.13,45.00,78.00,45.00
72.00,99.44,109.45,94.06,99.03,98.80,97.32,93.54,110.83,85.21,81.13,45.00,78.00,45.00
72.00,99.56,109.35,94.06,99.03,98.80,97.32,93.54,110.83,85.21,81.13,45.00,78.00,45.00
72.00,99.68,109.26,94.06,99.03,98.80,97.32,93.54,110.83,85.21,81.13,45.00,78.00,45.00
72.00,99.79,109.18,94.06,99.03,98.80,97.32,93.54,110.83,85.21,81.13,45.00,78.00,45.00
72.00,99.89,109.10,94.06,99.03,98.80,97.32,93.54,110.83,85.21,81.13,45.00,78.00,45.00
72.00,99.98,109.02,94.06,99.03,98.80,97.26,93.60,110.92,85.13,81.13,45.00,78.00,45.00
72.00,100.06,108.96,94.06,99.03,98.80,97.20,93.66,111.00,85.05,81.13,45.00,78.00,45.00
72.00,100.14,108.90,94.06,99.03,98.80,97.15,93.73,111.08,85.05,81.13,45.00,78.00,45.00
72.00,100.21,108.84,94.06,99.03,98.80,97.10,93.78,111.08,84.97,81.13,45.00,78.00,45.00
72.00,100.27,108.79,94.06,99.03,98.80,97.04,93.84,111.16,84.97,81.13,45.00,78.00,45.00
72.00,100.35,108.72,94.06,99.03,98.80,97.04,93.89,111.16,84.97,81.13,45.00,78.00,45.00
72.00,100.43,108.66,94.06,99.03,98.80,96.99,93.89,111.24,84.97,81.13,45.00,78.00,45.00
72.00,100.51,108.60,94.06,99.03,98.80,96.99,93.89,111.24,84.97,81.13,45.00,78.00,45.00
72.00,100.58,108.54,94.06,99.03,98.80,96.99,93.89,111.24,84.97,81.13,45.00,78.00,45.00
72.00,100.66,108.48,94.06,99.03,98.80,96.99,93.89,111.24,84.97,81.13,45.00,78.00,45.00
72.00,100.74,108.41,94.06,99.03,98.80,96.99,93.89,111.24,84.97,81.13,45.00,78.00,45.00
72.00,100.83,108.34,94.06,99.03,98.80,96.99,93.89,111.24,84.97,81.13,45.00,78.00,45.00
72.00,100.91,108.28,94.06,99.03,98.80,96.99,93.89,111.24,84.97,81.13,45.00,78.00,45.00
72.00,100.99,108.21,94.06,99.03,98.80,96.99,93.89,111.24,84.97,81.13,45.00,78.00,45.00
72.00,101.07,108.15,94.06,99.03,98.80,96.99,93.89,111.24,84.97,81.13,45.00,78.00,45.00
72.00,101.14,108.09,94.06,99.03,98.80,96.99,93.89,111.24,84.97,81.13,45.00,78.00,45.00
72.00,101.20,108.04,94.06,99.03,98.80,96.99,93.89,111.24,84.97,81.13,45.00,78.00,45.00
72.00,101.26,108.00,94.06,99.03,98.80,96.99,93.89,111.24,84.97,81.13,45.00,78.00,45.00
72.00,101.31,107.96,94.06,99.03,98.80,96.99,93.89,111.24,84.97,81.13,45.00,78.00,45.00
72.00,101.31,107.96,94.06,99.03,98.80,96.99,93.89,111.24,84.97,81.13,45.00,78.00,45.00
72.00,101.31,107.96,94.06,99.03,98.80,96.99,93.89,111.24,84.97,81.13,45.00,78.00,45.00
72.00,101.31,107.96,94.06,99.03,98.80,96.94,93.89,111.31,84.97,81.13,45.00,78.00,45.00
72.00,101.31,107.96,94.06,99.03,98.80,96.94,93.89,111.31,84.97,81.13,45.00,78.00,45.00
72.00,101.31,107.96,94.06,99.07,98.80,96.89,93.89,111.31,84.97,81.13,45.00,78.00,45.00
72.00,101.31,107.96,94.06,99.07,98.80,96.89,93.89,111.31,84.97,81.13,45.00,78.00,45.00
72.00,101.31,107.96,94.06,99.07,98.80,96.89,93.89,111.31,84.97,81.10,45.00,78.00,45.00
72.00,101.31,107.96,94.06,99.07,98.80,96.89,93.89,111.31,84.97,81.06,45.00,78.00,45.00
72.00,101.31,107.96,94.06,99.07,98.80,96.89,93.89,111.31,84.97,81.02,45.00,78.00,45.00
72.00,101.31,107.96,94.06,99.07,98.80,96.89,93.89,111.31,84.97,80.97,45.00,78.00,45.00
72.00,101.31,107.96,94.06,99.07,98.80,96.89,93.89,111.31,84.97,80.92,45.00,78.00,45.00
72.00,101.31,107.96,94.06,99.07,98.80,96.89,93.89,111.31,84.97,80.86,45.00,78.00,45.00
72.00,101.31,107.96,94.06,99.07,98.80,96.89,93.84,111.31,84.97,80.81,45.00,78.00,45.00
72.00,101.31,107.96,94.06,99.07,98.80,96.89,93.79,111.31,84.97,80.75,45.00,78.00,45.00
72.00,101.31,107.96,94.06,99.07,98.80,96.89,93.79,111.31,84.97,80.70,45.00,78.00,45.00
72.00,101.31,107.96,94.06,99.07,98.80,96.89,93.74,111.31,84.97,80.65,45.00,78.00,45.00
72.00,101.25,108.00,94.06,99.07,98.80,96.89,93.74,111.31,84.97,80.60,45.00,78.00,45.00
72.00,101.19,108.05,94.06,99.07,98.80,96.89,93.74,111.31,84.97,80.54,45.00,78.00,45.00
72.00,101.13,108.10,94.06,99.07,98.80,96.89,93.68,111.31,84.97,80.49,45.00,78.00,45.00
72.00,101.06,108.16,94.06,99.07,98.80,96.89,93.63,111.31,84.97,80.43,45.00,78.00,45.00
72.00,100.99,108.22,94.06,99.07,98.80,96.94,93.58,111.31,84.97,80.37,45.00,78.00,45.00
72.00,100.91,108.27,94.06,99.07,98.80,97.00,93.52,111.31,85.05,80.31,45.00,78.00,45.00
72.00,100.85,108.33,94.06,99.11,98.80,97.07,93.47,111.23,85.12,80.25,45.00,78.00,45.00
72.00,100.78,108.38,94.06,99.11,98.80,97.14,93.40,111.14,85.20,80.20,45.00,78.00,45.00
72.00,100.72,108.43,94.06,99.11,98.80,97.21,93.33,111.04,85.30,80.15,45.00,78.00,45.00
72.00,100.67,108.47,94.06,99.11,98.80,97.29,93.26,110.94,85.39,80.10,45.00,78.00,45.00
72.00,100.62,108.47,94.06,99.11,98.80,97.36,93.18,110.84,85.48,80.06,45.00,78.00,45.00
72.00,100.62,108.51,94.06,99.11,98.80,97.43,93.11,110.75,85.57,80.02,45.00,78.00,45.00
72.00,100.62,108.51,94.06,99.11,98.80,97.51,93.04,110.65,85.66,79.98,45.00,78.00,45.00
72.00,100.62,108.51,94.06,99.11,98.80,97.59,92.97,110.55,85.75,79.94,45.00,78.00,45.00
72.00,100.62,108.51,94.06,99.11,98.80,97.66,92.90,110.45,85.83,79.91,45.00,78.00,45.00
72.00,100.62,108.51,94.06,99.11,98.80,97.72,92.83,110.37,85.91,79.87,45.00,78.00,45.00
72.00,100.62,108.51,94.06,99.11,98.80,97.78,92.77,110.29,85.91,79.84,45.00,78.00,45.00
72.00,100.62,108.51,94.06,99.11,98.80,97.84,92.72,110.29,85.91,79.81,45.00,78.00,45.00
72.00,100.62,108.51,94.06,99.11,98.80,97.89,92.67,110.29,85.91,79.78,45.00,78.00,45.00
72.00,100.62,108.51,94.06,99.11,98.80,97.89,92.67,110.29,85.91,79.75,45.00,78.00,45.00
72.00,100.62,108.51,94.06,99.11,98.80,97.89,92.67,110.29,85.99,79.73,45.00,78.00,45.00
72.00,100.62,108.51,94.06,99.11,98.80,97.89,92.67,110.21,85.99,79.70,45.00,78.00,45.00
72.00,100.62,108.51,94.06,99.11,98.80,97.94,92.61,110.21,85.99,79.68,45.00,78.00,45.00
72.00,100.62,108.51,94.06,99.11,98.80,97.94,92.56,110.13,86.07,79.65,45.00,78.00,45.00
72.00,100.62,108.51,94.06,99.11,98.80,97.99,92.56,110.13,86.07,79.65,45.00,78.00,45.00
72.00,100.62,108.51,94.06,99.11,98.80,97.99,92.56,110.13,86.07,79.65,45.00,78.00,45.00
72.00,100.62,108.51,94.06,99.11,98.80,98.04,92.51,110.05,86.15,79.65,45.00,78.00,45.00
72.00,100.62,108.51,94.06,99.11,98.80,98.04,92.51,110.05,86.15,79.65,45.00,78.00,45.00
72.00,100.62,108.51,94.06,99.11,98.80,98.09,92.46,110.05,86.15,79.65,45.00,78.00,45.00
72.00,100.62,108.51,94.06,99.11,98.80,98.09,92.46,109.98,86.22,79.65,45.00,78.00,45.00
72.00,100.62,108.51,94.06,99.11,98.80,98.09,92.41,109.98,86.22,79.65,45.00,78.00,45.00
72.00,100.62,108.51,94.06,99.11,98.80,98.14,92.41,109.98,86.22,79.65,45.00,78.00,45.00
72.00,100.62,108.51,94.06,99.11,98.80,98.14,92.36,109.90,86.30,79.65,45.00,78.00,45.00
72.00,100.62,108.51,94.06,99.11,98.80,98.19,92.31,109.90,86.38,79.65,45.00,78.00,45.00
72.00,100.57,108.51,94.06,99.11,98.80,98.24,92.26,109.82,86.38,79.65,45.00,78.00,45.00
72.00,100.57,108.51,94.06,99.11,98.80,98.24,92.26,109.82,86.46,79.65,45.00,78.00,45.00
72.00,100.51,108.56,94.06,99.11,98.80,98.24,92.26,109.74,86.46,79.65,45.00,78.00,45.00
72.00,100.46,108.61,94.06,99.11,98.80,98.30,92.21,109.74,86.46,79.65,45.00,78.00,45.00
72.00,100.41,108.65,94.06,99.11,98.80,98.35,92.15,109.66,86.54,79.65,45.00,78.00,45.00
72.00,100.35,108.70,94.06,99.11,98.80,98.40,92.10,109.58,86.63,79.65,45.00,78.00,45.00
72.00,100.28,108.75,94.06,99.15,98.80,98.40,92.04,109.58,86.70,79.65,45.00,78.00,45.00
72.00,100.21,108.82,94.06,99.19,98.80,98.40,91.99,109.58,86.70,79.65,45.00,78.00,45.00
72.00,100.12,108.89,94.06,99.23,98.80,98.45,91.99,109.50,86.78,79.65,45.00,78.00,45.00
72.00,100.03,108.96,94.06,99.23,98.80,98.45,91.94,109.50,86.78,79.65,45.00,78.00,45.00
72.00,99.95,109.03,94.10,99.27,98.80,98.50,91.88,109.42,86.87,79.65,45.00,78.00,45.00
72.00,99.86,109.10,94.10,99.27,98.80,98.56,91.81,109.34,86.97,79.65,45.00,78.00,45.00
72.00,99.76,109.18,94.14,99.32,98.80,98.65,91.68,109.21,87.14,79.65,45.00,78.00,45.00
72.00,99.63,109.28,94.14,99.32,98.80,98.73,91.54,109.10,87.31,79.65,45.00,78.00,45.00
72.00,98.74,110.00,94.10,98.37,98.80,98.80,91.41,109.00,87.47,79.65,45.00,78.00,45.00
72.00,97.61,110.91,93.14,97.04,98.80,98.87,91.29,108.91,87.62,79.65,45.00,78.00,45.00
72.00,96.63,111.69,92.17,95.81,98.80,98.92,91.18,108.83,87.76,79.65,45.00,78.00,45.00
72.00,95.94,112.25,91.41,94.86,98.80,98.98,91.08,108.83,87.89,79.65,45.00,78.00,45.00
72.00,95.85,112.32,90.81,94.12,98.80,98.98,91.00,108.83,87.99,79.65,45.00,78.00,45.00
72.00,95.85,112.32,90.35,93.57,98.80,98.98,90.94,108.83,88.06,79.65,45.00,78.00,45.00
72.00,95.98,112.22,90.22,93.41,98.80,98.98,90.94,108.83,88.06,79.65,45.00,78.00,45.00
72.00,96.16,112.07,90.06,92.91,98.80,98.98,90.94,108.83,88.06,79.65,45.00,78.00,45.00
72.00,96.36,111.91,89.91,92.78,98.80,98.98,90.94,108.83,88.06,79.65,45.00,78.00,45.00
72.00,96.94,111.45,89.79,92.66,98.80,98.98,90.94,108.83,88.06,79.65,45.00,78.00,45.00
72.00,97.11,111.31,89.69,92.57,98.80,98.98,90.94,108.83,88.06,79.65,45.00,78.00,45.00
72.00,97.28,111.18,89.59,92.48,98.80,98.98,90.94,108.83,88.06,79.65,45.00,78.00,45.00
72.00,97.44,111.05,89.49,92.39,98.80,98.98,90.94,108.83,88.06,79.65,45.00,78.00,45.00
72.00,97.59,110.93,89.42,92.32,98.80,98.98,90.94,108.83,88.06,79.65,45.00,78.00,45.00
72.00,97.74,110.81,89.34,92.26,98.80,98.98,90.94,108.83,88.06,79.65,45.00,78.00,45.00
72.00,97.87,110.70,89.28,92.20,98.80,98.98,90.94,108.83,88.06,79.65,45.00,78.00,45.00
